Timing,Water_Trt,Water_Rep,Header,Sed_Trt,Animal_Rep,Container,Individ,Micro_Length,Length,Micro_Width,Width
Start,Acidified,1,1,In,1,1,1,82,7.45,50,4.55
Start,Acidified,1,1,In,1,1,2,71,6.45,43,3.91
Start,Acidified,1,1,In,1,1,3,90,8.18,56,5.09
Start,Acidified,1,1,In,1,1,4,69,6.27,44,4
Start,Acidified,1,1,In,1,1,5,54,4.91,36,3.27
Start,Acidified,1,1,In,1,1,6,54,4.91,36,3.27
Start,Acidified,1,1,In,1,1,7,85,7.73,55,5
Start,Acidified,1,1,In,1,1,8,58,5.27,36,3.27
Start,Acidified,1,1,In,1,1,9,53,4.82,36,3.27
Start,Acidified,1,1,In,1,1,10,50,4.55,32,2.91
Start,Acidified,1,1,In,1,1,11,58,5.27,40,3.64
Start,Acidified,1,1,In,1,1,12,49,4.45,34,3.09
Start,Acidified,1,1,In,1,1,13,55,5,36,3.27
Start,Acidified,1,1,In,1,1,14,77,7,50,4.55
End,Acidified,1,1,In,1,1,1,75,7.5,42,4.2
End,Acidified,1,1,In,1,1,2,56,5.6,35,3.5
End,Acidified,1,1,In,1,1,3,52,5.2,33,3.3
End,Acidified,1,1,In,1,1,4,78,7.8,46,4.6
End,Acidified,1,1,In,1,1,5,53,5.3,30,3
End,Acidified,1,1,In,1,1,6,68,6.8,41,4.1
End,Acidified,1,1,In,1,1,7,52,5.2,32,3.2
End,Acidified,1,1,In,1,1,8,50,5,31,3.1
End,Acidified,1,1,In,1,1,9,50,5,29,2.9
End,Acidified,1,1,In,1,1,10,64,6.4,40,4
End,Acidified,1,1,In,1,1,11,73,7.3,43,4.3
End,Acidified,1,1,In,1,1,12,92,9.2,55,5.5
Start,Acidified,1,1,In,2,2,1,76,6.91,46,4.18
Start,Acidified,1,1,In,2,2,2,82,7.45,50,4.55
Start,Acidified,1,1,In,2,2,3,85,7.73,50,4.55
Start,Acidified,1,1,In,2,2,4,70,6.36,45,4.09
Start,Acidified,1,1,In,2,2,5,58,5.27,33,3
Start,Acidified,1,1,In,2,2,6,58,5.27,32,2.91
Start,Acidified,1,1,In,2,2,7,45,4.09,30,2.73
Start,Acidified,1,1,In,2,2,8,70,6.36,46,4.18
Start,Acidified,1,1,In,2,2,9,48,4.36,32,2.91
Start,Acidified,1,1,In,2,2,10,50,4.55,30,2.73
Start,Acidified,1,1,In,2,2,11,58,5.27,39,3.55
Start,Acidified,1,1,In,2,2,12,40,3.64,25,2.27
Start,Acidified,1,1,In,2,2,13,62,5.64,38,3.45
Start,Acidified,1,1,In,2,2,14,52,4.73,32,2.91
End,Acidified,1,1,In,2,2,1,64,6.4,38,3.8
End,Acidified,1,1,In,2,2,2,74,7.4,40,4
End,Acidified,1,1,In,2,2,3,60,6,37,3.7
End,Acidified,1,1,In,2,2,4,66,6.6,41,4.1
End,Acidified,1,1,In,2,2,5,53,5.3,30,3
End,Acidified,1,1,In,2,2,6,65,6.5,43,4.3
End,Acidified,1,1,In,2,2,7,75,7.5,43,4.3
End,Acidified,1,1,In,2,2,8,58,5.8,33,3.3
End,Acidified,1,1,In,2,2,9,36,3.6,25,2.5
End,Acidified,1,1,In,2,2,10,59,5.9,33,3.3
End,Acidified,1,1,In,2,2,11,47,4.7,31,3.1
End,Acidified,1,1,In,2,2,12,77,7.7,47,4.7
End,Acidified,1,1,In,2,2,13,47,4.7,31,3.1
Start,Acidified,1,1,In,3,3,1,97,8.82,58,5.27
Start,Acidified,1,1,In,3,3,2,61,5.55,31,2.82
Start,Acidified,1,1,In,3,3,3,55,5,35,3.18
Start,Acidified,1,1,In,3,3,4,81,7.36,48,4.36
Start,Acidified,1,1,In,3,3,5,57,5.18,33,3
Start,Acidified,1,1,In,3,3,6,65,5.91,44,4
Start,Acidified,1,1,In,3,3,7,41,3.73,29,2.64
Start,Acidified,1,1,In,3,3,8,54,4.91,35,3.18
Start,Acidified,1,1,In,3,3,9,47,4.27,28,2.55
Start,Acidified,1,1,In,3,3,10,50,4.55,30,2.73
Start,Acidified,1,1,In,3,3,11,46,4.18,29,2.64
Start,Acidified,1,1,In,3,3,12,49,4.45,30,2.73
Start,Acidified,1,1,In,3,3,13,38,3.45,22,2
Start,Acidified,1,1,In,3,3,14,44,4,27,2.45
End,Acidified,1,1,In,3,3,1,39,3.9,21,2.1
End,Acidified,1,1,In,3,3,2,46,4.6,27,2.7
End,Acidified,1,1,In,3,3,3,40,4,24,2.4
End,Acidified,1,1,In,3,3,4,51,5.1,28,2.8
End,Acidified,1,1,In,3,3,5,47,4.7,28,2.8
End,Acidified,1,1,In,3,3,6,42,4.2,27,2.7
End,Acidified,1,1,In,3,3,7,70,7,40,4
End,Acidified,1,1,In,3,3,8,55,5.5,32,3.2
End,Acidified,1,1,In,3,3,9,47,4.7,26,2.6
End,Acidified,1,1,In,3,3,10,84,8.4,50,5
End,Acidified,1,1,In,3,3,11,41,4.1,27,2.7
End,Acidified,1,1,In,3,3,12,47,4.7,28,2.8
Start,Acidified,1,1,Out,1,1,1,80,7.27,47,4.27
Start,Acidified,1,1,Out,1,1,2,77,7,47,4.27
Start,Acidified,1,1,Out,1,1,3,70,6.36,44,4
Start,Acidified,1,1,Out,1,1,4,57,5.18,40,3.64
Start,Acidified,1,1,Out,1,1,5,56,5.09,37,3.36
Start,Acidified,1,1,Out,1,1,6,61,5.55,42,3.82
Start,Acidified,1,1,Out,1,1,7,63,5.73,40,3.64
Start,Acidified,1,1,Out,1,1,8,40,3.64,24,2.18
Start,Acidified,1,1,Out,1,1,9,40,3.64,32,2.91
Start,Acidified,1,1,Out,1,1,10,62,5.64,44,4
Start,Acidified,1,1,Out,1,1,11,42,3.82,23,2.09
Start,Acidified,1,1,Out,1,1,12,43,3.91,34,3.09
Start,Acidified,1,1,Out,1,1,13,41,3.73,30,2.73
Start,Acidified,1,1,Out,1,1,14,38,3.45,27,2.45
End,Acidified,1,1,Out,1,1,1,56,5.6,37,3.7
End,Acidified,1,1,Out,1,1,2,60,6,37,3.7
End,Acidified,1,1,Out,1,1,3,71,7.1,38,3.8
End,Acidified,1,1,Out,1,1,4,66,6.6,41,4.1
End,Acidified,1,1,Out,1,1,5,71,7.1,19,1.9
End,Acidified,1,1,Out,1,1,6,31,3.1,23,2.3
End,Acidified,1,1,Out,1,1,7,38,3.8,36,3.6
End,Acidified,1,1,Out,1,1,8,55,5.5,25,2.5
End,Acidified,1,1,Out,1,1,9,45,4.5,28,2.8
End,Acidified,1,1,Out,1,1,10,40,4,31,3.1
End,Acidified,1,1,Out,1,1,11,45,4.5,33,3.3
End,Acidified,1,1,Out,1,1,12,51,5.1,24,2.4
End,Acidified,1,1,Out,1,1,13,58,5.8,23,2.3
End,Acidified,1,1,Out,1,1,14,35,3.5,25,2.5
End,Acidified,1,1,Out,1,1,15,41,4.1,42,4.2
Start,Acidified,1,1,Out,2,2,1,88,8,56,5.09
Start,Acidified,1,1,Out,2,2,2,86,7.82,56,5.09
Start,Acidified,1,1,Out,2,2,3,77,7,51,4.64
Start,Acidified,1,1,Out,2,2,4,85,7.73,54,4.91
Start,Acidified,1,1,Out,2,2,5,88,8,54,4.91
Start,Acidified,1,1,Out,2,2,6,95,8.64,59,5.36
Start,Acidified,1,1,Out,2,2,7,88,8,60,5.45
Start,Acidified,1,1,Out,2,2,8,95,8.64,59,5.36
Start,Acidified,1,1,Out,2,2,9,58,5.27,34,3.09
Start,Acidified,1,1,Out,2,2,10,96,8.73,57,5.18
Start,Acidified,1,1,Out,2,2,11,45,4.09,32,2.91
Start,Acidified,1,1,Out,2,2,12,80,7.27,50,4.55
Start,Acidified,1,1,Out,2,2,13,90,8.18,56,5.09
Start,Acidified,1,1,Out,2,2,14,75,6.82,48,4.36
End,Acidified,1,1,Out,2,2,1,78,7.8,45,4.5
End,Acidified,1,1,Out,2,2,2,80,8,50,5
End,Acidified,1,1,Out,2,2,3,84,8.4,45,4.5
End,Acidified,1,1,Out,2,2,4,83,8.3,47,4.7
End,Acidified,1,1,Out,2,2,5,70,7,42,4.2
End,Acidified,1,1,Out,2,2,6,70,7,42,4.2
End,Acidified,1,1,Out,2,2,7,86,8.6,51,5.1
End,Acidified,1,1,Out,2,2,8,88,8.8,54,5.4
End,Acidified,1,1,Out,2,2,9,87,8.7,50,5
End,Acidified,1,1,Out,2,2,10,89,8.9,50,5
End,Acidified,1,1,Out,2,2,11,75,7.5,40,4
End,Acidified,1,1,Out,2,2,12,80,8,47,4.7
End,Acidified,1,1,Out,2,2,13,53,5.3,30,3
End,Acidified,1,1,Out,2,2,14,41,4.1,26,2.6
Start,Acidified,1,1,Out,3,3,1,45,4.09,31,2.82
Start,Acidified,1,1,Out,3,3,2,62,5.64,40,3.64
Start,Acidified,1,1,Out,3,3,3,69,6.27,44,4
Start,Acidified,1,1,Out,3,3,4,40,3.64,27,2.45
Start,Acidified,1,1,Out,3,3,5,122,11.09,71,6.45
Start,Acidified,1,1,Out,3,3,6,96,8.73,59,5.36
Start,Acidified,1,1,Out,3,3,7,48,4.36,33,3
Start,Acidified,1,1,Out,3,3,8,56,5.09,39,3.55
Start,Acidified,1,1,Out,3,3,9,60,5.45,41,3.73
Start,Acidified,1,1,Out,3,3,10,53,4.82,35,3.18
Start,Acidified,1,1,Out,3,3,11,62,5.64,41,3.73
Start,Acidified,1,1,Out,3,3,12,60,5.45,40,3.64
Start,Acidified,1,1,Out,3,3,13,64,5.82,40,3.64
Start,Acidified,1,1,Out,3,3,14,66,6,41,3.73
End,Acidified,1,1,Out,3,3,1,114,11.4,67,6.7
End,Acidified,1,1,Out,3,3,2,90,9,49,4.9
End,Acidified,1,1,Out,3,3,3,60,6,31,3.1
End,Acidified,1,1,Out,3,3,4,55,5.5,31,3.1
End,Acidified,1,1,Out,3,3,5,50,5,30,3
End,Acidified,1,1,Out,3,3,6,67,6.7,41,4.1
End,Acidified,1,1,Out,3,3,7,59,5.9,35,3.5
End,Acidified,1,1,Out,3,3,8,65,6.5,41,4.1
End,Acidified,1,1,Out,3,3,9,60,6,36,3.6
End,Acidified,1,1,Out,3,3,10,59,5.9,35,3.5
End,Acidified,1,1,Out,3,3,11,53,5.3,36,3.6
End,Acidified,1,1,Out,3,3,12,37,3.7,26,2.6
End,Acidified,1,1,Out,3,3,13,40,4,26,2.6
End,Acidified,1,1,Out,3,3,14,45,4.5,22,2.2
Start,Acidified,2,3,In,1,7,1,81,7.36,54,4.91
Start,Acidified,2,3,In,1,7,2,80,7.27,50,4.55
Start,Acidified,2,3,In,1,7,3,43,3.91,28,2.55
Start,Acidified,2,3,In,1,7,4,60,5.45,36,3.27
Start,Acidified,2,3,In,1,7,5,88,8,54,4.91
Start,Acidified,2,3,In,1,7,6,62,5.64,42,3.82
Start,Acidified,2,3,In,1,7,7,66,6,41,3.73
Start,Acidified,2,3,In,1,7,8,62,5.64,42,3.82
Start,Acidified,2,3,In,1,7,9,64,5.82,47,4.27
Start,Acidified,2,3,In,1,7,10,54,4.91,35,3.18
Start,Acidified,2,3,In,1,7,11,65,5.91,43,3.91
Start,Acidified,2,3,In,1,7,12,68,6.18,42,3.82
Start,Acidified,2,3,In,1,7,13,60,5.45,40,3.64
Start,Acidified,2,3,In,1,7,14,44,4,31,2.82
End,Acidified,2,3,In,1,7,1,56,5.6,35,3.5
End,Acidified,2,3,In,1,7,2,49,4.9,29,2.9
End,Acidified,2,3,In,1,7,3,61,6.1,38,3.8
End,Acidified,2,3,In,1,7,4,56,5.6,36,3.6
End,Acidified,2,3,In,1,7,5,54,5.4,31,3.1
End,Acidified,2,3,In,1,7,6,72,7.2,46,4.6
End,Acidified,2,3,In,1,7,7,51,5.1,31,3.1
End,Acidified,2,3,In,1,7,8,48,4.8,26,2.6
End,Acidified,2,3,In,1,7,9,81,8.1,52,5.2
End,Acidified,2,3,In,1,7,10,43,4.3,26,2.6
Start,Acidified,2,3,In,2,8,1,84,7.64,54,4.91
Start,Acidified,2,3,In,2,8,2,62,5.64,42,3.82
Start,Acidified,2,3,In,2,8,3,58,5.27,40,3.64
Start,Acidified,2,3,In,2,8,4,55,5,39,3.55
Start,Acidified,2,3,In,2,8,5,47,4.27,32,2.91
Start,Acidified,2,3,In,2,8,6,45,4.09,30,2.73
Start,Acidified,2,3,In,2,8,7,44,4,31,2.82
Start,Acidified,2,3,In,2,8,8,75,6.82,46,4.18
Start,Acidified,2,3,In,2,8,9,47,4.27,33,3
Start,Acidified,2,3,In,2,8,10,37,3.36,28,2.55
Start,Acidified,2,3,In,2,8,11,70,6.36,45,4.09
Start,Acidified,2,3,In,2,8,12,49,4.45,34,3.09
Start,Acidified,2,3,In,2,8,13,53,4.82,36,3.27
Start,Acidified,2,3,In,2,8,14,61,5.55,38,3.45
End,Acidified,2,3,In,2,8,1,76,7.6,45,4.5
End,Acidified,2,3,In,2,8,2,55,5.5,35,3.5
End,Acidified,2,3,In,2,8,3,52,5.2,32,3.2
End,Acidified,2,3,In,2,8,4,43,4.3,26,2.6
End,Acidified,2,3,In,2,8,5,46,4.6,29,2.9
End,Acidified,2,3,In,2,8,6,50,5,30,3
End,Acidified,2,3,In,2,8,7,79,7.9,46,4.6
End,Acidified,2,3,In,2,8,8,72,7.2,41,4.1
End,Acidified,2,3,In,2,8,9,63,6.3,37,3.7
End,Acidified,2,3,In,2,8,10,46,4.6,29,2.9
End,Acidified,2,3,In,2,8,11,59,5.9,37,3.7
End,Acidified,2,3,In,2,8,12,41,4.1,26,2.6
End,Acidified,2,3,In,2,8,13,42,4.2,25,2.5
Start,Acidified,2,3,In,3,9,1,71,6.45,45,4.09
Start,Acidified,2,3,In,3,9,2,54,4.91,36,3.27
Start,Acidified,2,3,In,3,9,3,89,8.09,55,5
Start,Acidified,2,3,In,3,9,4,77,7,45,4.09
Start,Acidified,2,3,In,3,9,5,67,6.09,40,3.64
Start,Acidified,2,3,In,3,9,6,43,3.91,30,2.73
Start,Acidified,2,3,In,3,9,7,71,6.45,42,3.82
Start,Acidified,2,3,In,3,9,8,57,5.18,34,3.09
Start,Acidified,2,3,In,3,9,9,61,5.55,37,3.36
Start,Acidified,2,3,In,3,9,10,62,5.64,38,3.45
Start,Acidified,2,3,In,3,9,11,62,5.64,38,3.45
Start,Acidified,2,3,In,3,9,12,46,4.18,30,2.73
Start,Acidified,2,3,In,3,9,13,41,3.73,27,2.45
Start,Acidified,2,3,In,3,9,14,47,4.27,30,2.73
End,Acidified,2,3,In,3,9,1,58,5.8,35,3.5
End,Acidified,2,3,In,3,9,2,55,5.5,32,3.2
End,Acidified,2,3,In,3,9,3,38,3.8,24,2.4
End,Acidified,2,3,In,3,9,4,35,3.5,21,2.1
End,Acidified,2,3,In,3,9,5,48,4.8,29,2.9
End,Acidified,2,3,In,3,9,6,57,5.7,31,3.1
End,Acidified,2,3,In,3,9,7,52,5.2,31,3.1
End,Acidified,2,3,In,3,9,8,67,6.7,39,3.9
End,Acidified,2,3,In,3,9,9,75,7.5,45,4.5
End,Acidified,2,3,In,3,9,10,60,6,35,3.5
End,Acidified,2,3,In,3,9,11,54,5.4,31,3.1
End,Acidified,2,3,In,3,9,12,49,4.9,27,2.7
Start,Acidified,2,3,Out,1,7,1,60,5.45,38,3.45
Start,Acidified,2,3,Out,1,7,2,97,8.82,60,5.45
Start,Acidified,2,3,Out,1,7,3,102,9.27,62,5.64
Start,Acidified,2,3,Out,1,7,4,80,7.27,52,4.73
Start,Acidified,2,3,Out,1,7,5,87,7.91,59,5.36
Start,Acidified,2,3,Out,1,7,6,80,7.27,55,5
Start,Acidified,2,3,Out,1,7,7,77,7,46,4.18
Start,Acidified,2,3,Out,1,7,8,73,6.64,47,4.27
Start,Acidified,2,3,Out,1,7,9,83,7.55,50,4.55
Start,Acidified,2,3,Out,1,7,10,75,6.82,47,4.27
Start,Acidified,2,3,Out,1,7,11,79,7.18,48,4.36
Start,Acidified,2,3,Out,1,7,12,75,6.82,46,4.18
Start,Acidified,2,3,Out,1,7,13,71,6.45,44,4
Start,Acidified,2,3,Out,1,7,14,62,5.64,42,3.82
End,Acidified,2,3,Out,1,7,1,65,6.5,37,3.7
End,Acidified,2,3,Out,1,7,2,90,9,47,4.7
End,Acidified,2,3,Out,1,7,3,68,6.8,43,4.3
End,Acidified,2,3,Out,1,7,4,66,6.6,40,4
End,Acidified,2,3,Out,1,7,5,53,5.3,33,3.3
End,Acidified,2,3,Out,1,7,6,65,6.5,36,3.6
End,Acidified,2,3,Out,1,7,7,67,6.7,38,3.8
End,Acidified,2,3,Out,1,7,8,51,5.1,31,3.1
End,Acidified,2,3,Out,1,7,9,77,7.7,47,4.7
End,Acidified,2,3,Out,1,7,10,71,7.1,43,4.3
End,Acidified,2,3,Out,1,7,11,81,8.1,46,4.6
End,Acidified,2,3,Out,1,7,12,68,6.8,41,4.1
End,Acidified,2,3,Out,1,7,13,61,6.1,36,3.6
End,Acidified,2,3,Out,1,7,14,65,6.5,42,4.2
Start,Acidified,2,3,Out,2,8,1,50,4.55,30,2.73
Start,Acidified,2,3,Out,2,8,2,90,8.18,55,5
Start,Acidified,2,3,Out,2,8,3,96,8.73,62,5.64
Start,Acidified,2,3,Out,2,8,4,73,6.64,43,3.91
Start,Acidified,2,3,Out,2,8,5,97,8.82,58,5.27
Start,Acidified,2,3,Out,2,8,6,54,4.91,33,3
Start,Acidified,2,3,Out,2,8,7,66,6,42,3.82
Start,Acidified,2,3,Out,2,8,8,52,4.73,35,3.18
Start,Acidified,2,3,Out,2,8,9,60,5.45,37,3.36
Start,Acidified,2,3,Out,2,8,10,41,3.73,26,2.36
Start,Acidified,2,3,Out,2,8,11,45,4.09,31,2.82
Start,Acidified,2,3,Out,2,8,12,44,4,27,2.45
Start,Acidified,2,3,Out,2,8,13,71,6.45,50,4.55
Start,Acidified,2,3,Out,2,8,14,41,3.73,22,2
End,Acidified,2,3,Out,2,8,1,83,8.3,55,5.5
End,Acidified,2,3,Out,2,8,2,59,5.9,36,3.6
End,Acidified,2,3,Out,2,8,3,77,7.7,43,4.3
End,Acidified,2,3,Out,2,8,4,47,4.7,28,2.8
End,Acidified,2,3,Out,2,8,5,80,8,41,4.1
End,Acidified,2,3,Out,2,8,6,42,4.2,26,2.6
End,Acidified,2,3,Out,2,8,7,37,3.7,20,2
End,Acidified,2,3,Out,2,8,8,36,3.6,22,2.2
End,Acidified,2,3,Out,2,8,9,40,4,24,2.4
End,Acidified,2,3,Out,2,8,10,62,6.2,36,3.6
End,Acidified,2,3,Out,2,8,11,58,5.8,32,3.2
End,Acidified,2,3,Out,2,8,12,44,4.4,30,3
Start,Acidified,2,3,Out,3,9,1,75,6.82,46,4.18
Start,Acidified,2,3,Out,3,9,2,75,6.82,45,4.09
Start,Acidified,2,3,Out,3,9,3,65,5.91,40,3.64
Start,Acidified,2,3,Out,3,9,4,52,4.73,30,2.73
Start,Acidified,2,3,Out,3,9,5,77,7,47,4.27
Start,Acidified,2,3,Out,3,9,6,70,6.36,43,3.91
Start,Acidified,2,3,Out,3,9,7,43,3.91,27,2.45
Start,Acidified,2,3,Out,3,9,8,64,5.82,36,3.27
Start,Acidified,2,3,Out,3,9,9,61,5.55,37,3.36
Start,Acidified,2,3,Out,3,9,10,53,4.82,32,2.91
Start,Acidified,2,3,Out,3,9,11,42,3.82,27,2.45
Start,Acidified,2,3,Out,3,9,12,47,4.27,32,2.91
Start,Acidified,2,3,Out,3,9,13,46,4.18,31,2.82
Start,Acidified,2,3,Out,3,9,14,55,5,34,3.09
End,Acidified,2,3,Out,3,9,1,65,6.5,38,3.8
End,Acidified,2,3,Out,3,9,2,37,3.7,26,2.6
End,Acidified,2,3,Out,3,9,3,44,4.4,26,2.6
End,Acidified,2,3,Out,3,9,4,53,5.3,34,3.4
End,Acidified,2,3,Out,3,9,5,64,6.4,40,4
End,Acidified,2,3,Out,3,9,6,49,4.9,29,2.9
End,Acidified,2,3,Out,3,9,7,46,4.6,27,2.7
End,Acidified,2,3,Out,3,9,8,64,6.4,39,3.9
End,Acidified,2,3,Out,3,9,9,56,5.6,32,3.2
End,Acidified,2,3,Out,3,9,10,60,6,36,3.6
End,Acidified,2,3,Out,3,9,11,41,4.1,26,2.6
End,Acidified,2,3,Out,3,9,12,40,4,26,2.6
End,Acidified,2,3,Out,3,9,13,54,5.4,32,3.2
End,Acidified,2,3,Out,3,9,14,36,3.6,22,2.2
Start,Acidified,3,8,In,1,22,1,86,7.82,57,5.18
Start,Acidified,3,8,In,1,22,2,60,5.45,37,3.36
Start,Acidified,3,8,In,1,22,3,81,7.36,52,4.73
Start,Acidified,3,8,In,1,22,4,65,5.91,42,3.82
Start,Acidified,3,8,In,1,22,5,52,4.73,38,3.45
Start,Acidified,3,8,In,1,22,6,70,6.36,43,3.91
Start,Acidified,3,8,In,1,22,7,35,3.18,21,1.91
Start,Acidified,3,8,In,1,22,8,71,6.45,42,3.82
Start,Acidified,3,8,In,1,22,9,56,5.09,32,2.91
Start,Acidified,3,8,In,1,22,10,55,5,36,3.27
Start,Acidified,3,8,In,1,22,11,73,6.64,46,4.18
Start,Acidified,3,8,In,1,22,12,73,6.64,42,3.82
Start,Acidified,3,8,In,1,22,13,32,2.91,20,1.82
Start,Acidified,3,8,In,1,22,14,46,4.18,32,2.91
End,Acidified,3,8,In,1,22,1,75,7.5,45,4.5
End,Acidified,3,8,In,1,22,2,71,7.1,42,4.2
End,Acidified,3,8,In,1,22,3,67,6.7,38,3.8
End,Acidified,3,8,In,1,22,4,32,3.2,20,2
End,Acidified,3,8,In,1,22,5,51,5.1,32,3.2
End,Acidified,3,8,In,1,22,6,63,6.3,36,3.6
End,Acidified,3,8,In,1,22,7,41,4.1,24,2.4
End,Acidified,3,8,In,1,22,8,64,6.4,37,3.7
End,Acidified,3,8,In,1,22,9,57,5.7,34,3.4
End,Acidified,3,8,In,1,22,10,51,5.1,31,3.1
End,Acidified,3,8,In,1,22,11,56,5.6,37,3.7
End,Acidified,3,8,In,1,22,12,44,4.4,26,2.6
End,Acidified,3,8,In,1,22,13,49,4.9,30,3
Start,Acidified,3,8,In,2,23,1,115,10.45,72,6.55
Start,Acidified,3,8,In,2,23,2,87,7.91,57,5.18
Start,Acidified,3,8,In,2,23,3,82,7.45,49,4.45
Start,Acidified,3,8,In,2,23,4,52,4.73,31,2.82
Start,Acidified,3,8,In,2,23,5,61,5.55,40,3.64
Start,Acidified,3,8,In,2,23,6,58,5.27,32,2.91
Start,Acidified,3,8,In,2,23,7,57,5.18,35,3.18
Start,Acidified,3,8,In,2,23,8,50,4.55,30,2.73
Start,Acidified,3,8,In,2,23,9,62,5.64,40,3.64
Start,Acidified,3,8,In,2,23,10,58,5.27,42,3.82
Start,Acidified,3,8,In,2,23,11,53,4.82,32,2.91
Start,Acidified,3,8,In,2,23,12,70,6.36,42,3.82
Start,Acidified,3,8,In,2,23,13,42,3.82,27,2.45
Start,Acidified,3,8,In,2,23,14,65,5.91,37,3.36
End,Acidified,3,8,In,2,23,1,64,6.4,41,4.1
End,Acidified,3,8,In,2,23,2,64,6.4,40,4
End,Acidified,3,8,In,2,23,3,55,5.5,33,3.3
End,Acidified,3,8,In,2,23,4,59,5.9,34,3.4
End,Acidified,3,8,In,2,23,5,55,5.5,35,3.5
End,Acidified,3,8,In,2,23,6,68,6.8,37,3.7
End,Acidified,3,8,In,2,23,7,71,7.1,42,4.2
End,Acidified,3,8,In,2,23,8,59,5.9,39,3.9
End,Acidified,3,8,In,2,23,9,50,5,30,3
End,Acidified,3,8,In,2,23,10,57,5.7,33,3.3
End,Acidified,3,8,In,2,23,11,62,6.2,39,3.9
End,Acidified,3,8,In,2,23,12,70,7,43,4.3
End,Acidified,3,8,In,2,23,13,47,4.7,27,2.7
End,Acidified,3,8,In,2,23,14,79,7.9,46,4.6
Start,Acidified,3,8,In,3,24,1,94,8.55,56,5.09
Start,Acidified,3,8,In,3,24,2,56,5.09,35,3.18
Start,Acidified,3,8,In,3,24,3,74,6.73,45,4.09
Start,Acidified,3,8,In,3,24,4,44,4,30,2.73
Start,Acidified,3,8,In,3,24,5,71,6.45,43,3.91
Start,Acidified,3,8,In,3,24,6,50,4.55,33,3
Start,Acidified,3,8,In,3,24,7,85,7.73,52,4.73
Start,Acidified,3,8,In,3,24,8,86,7.82,56,5.09
Start,Acidified,3,8,In,3,24,9,38,3.45,27,2.45
Start,Acidified,3,8,In,3,24,10,38,3.45,26,2.36
Start,Acidified,3,8,In,3,24,11,94,8.55,57,5.18
Start,Acidified,3,8,In,3,24,12,61,5.55,40,3.64
Start,Acidified,3,8,In,3,24,13,54,4.91,36,3.27
Start,Acidified,3,8,In,3,24,14,43,3.91,32,2.91
End,Acidified,3,8,In,3,24,1,60,6,35,3.5
End,Acidified,3,8,In,3,24,2,65,6.5,37,3.7
End,Acidified,3,8,In,3,24,3,52,5.2,30,3
End,Acidified,3,8,In,3,24,4,45,4.5,28,2.8
End,Acidified,3,8,In,3,24,5,66,6.6,39,3.9
End,Acidified,3,8,In,3,24,6,48,4.8,29,2.9
End,Acidified,3,8,In,3,24,7,49,4.9,32,3.2
End,Acidified,3,8,In,3,24,8,43,4.3,25,2.5
End,Acidified,3,8,In,3,24,9,53,5.3,33,3.3
End,Acidified,3,8,In,3,24,10,50,5,32,3.2
End,Acidified,3,8,In,3,24,11,68,6.8,41,4.1
End,Acidified,3,8,In,3,24,12,35,3.5,22,2.2
Start,Acidified,3,8,Out,1,22,1,85,7.73,48,4.36
Start,Acidified,3,8,Out,1,22,2,90,8.18,55,5
Start,Acidified,3,8,Out,1,22,3,62,5.64,40,3.64
Start,Acidified,3,8,Out,1,22,4,98,8.91,59,5.36
Start,Acidified,3,8,Out,1,22,5,38,3.45,27,2.45
Start,Acidified,3,8,Out,1,22,6,46,4.18,53,4.82
Start,Acidified,3,8,Out,1,22,7,50,4.55,34,3.09
Start,Acidified,3,8,Out,1,22,8,60,5.45,42,3.82
Start,Acidified,3,8,Out,1,22,9,67,6.09,43,3.91
Start,Acidified,3,8,Out,1,22,10,60,5.45,39,3.55
Start,Acidified,3,8,Out,1,22,11,88,8,55,5
Start,Acidified,3,8,Out,1,22,12,68,6.18,42,3.82
Start,Acidified,3,8,Out,1,22,13,95,8.64,62,5.64
Start,Acidified,3,8,Out,1,22,14,71,6.45,46,4.18
End,Acidified,3,8,Out,1,22,1,57,5.7,35,3.5
End,Acidified,3,8,Out,1,22,2,43,4.3,27,2.7
End,Acidified,3,8,Out,1,22,3,68,6.8,42,4.2
End,Acidified,3,8,Out,1,22,4,59,5.9,36,3.6
End,Acidified,3,8,Out,1,22,5,75,7.5,47,4.7
End,Acidified,3,8,Out,1,22,6,66,6.6,40,4
End,Acidified,3,8,Out,1,22,7,60,6,36,3.6
End,Acidified,3,8,Out,1,22,8,45,4.5,30,3
End,Acidified,3,8,Out,1,22,9,51,5.1,33,3.3
End,Acidified,3,8,Out,1,22,10,50,5,34,3.4
End,Acidified,3,8,Out,1,22,11,50,5,33,3.3
End,Acidified,3,8,Out,1,22,12,65,6.5,40,4
End,Acidified,3,8,Out,1,22,13,52,5.2,32,3.2
End,Acidified,3,8,Out,1,22,14,52,5.2,32,3.2
Start,Acidified,3,8,Out,2,23,1,90,8.18,51,4.64
Start,Acidified,3,8,Out,2,23,2,90,8.18,52,4.73
Start,Acidified,3,8,Out,2,23,3,50,4.55,31,2.82
Start,Acidified,3,8,Out,2,23,4,58,5.27,40,3.64
Start,Acidified,3,8,Out,2,23,5,53,4.82,31,2.82
Start,Acidified,3,8,Out,2,23,6,57,5.18,37,3.36
Start,Acidified,3,8,Out,2,23,7,55,5,37,3.36
Start,Acidified,3,8,Out,2,23,8,73,6.64,40,3.64
Start,Acidified,3,8,Out,2,23,9,66,6,42,3.82
Start,Acidified,3,8,Out,2,23,10,42,3.82,27,2.45
Start,Acidified,3,8,Out,2,23,11,56,5.09,35,3.18
Start,Acidified,3,8,Out,2,23,12,42,3.82,27,2.45
Start,Acidified,3,8,Out,2,23,13,43,3.91,30,2.73
Start,Acidified,3,8,Out,2,23,14,40,3.64,28,2.55
End,Acidified,3,8,Out,2,23,1,46,4.6,31,3.1
End,Acidified,3,8,Out,2,23,2,86,8.6,52,5.2
End,Acidified,3,8,Out,2,23,3,51,5.1,31,3.1
End,Acidified,3,8,Out,2,23,4,59,5.9,39,3.9
End,Acidified,3,8,Out,2,23,5,54,5.4,34,3.4
End,Acidified,3,8,Out,2,23,6,71,7.1,45,4.5
End,Acidified,3,8,Out,2,23,7,83,8.3,49,4.9
End,Acidified,3,8,Out,2,23,8,51,5.1,30,3
End,Acidified,3,8,Out,2,23,9,43,4.3,26,2.6
End,Acidified,3,8,Out,2,23,10,45,4.5,29,2.9
End,Acidified,3,8,Out,2,23,11,60,6,36,3.6
End,Acidified,3,8,Out,2,23,12,49,4.9,32,3.2
End,Acidified,3,8,Out,2,23,13,63,6.3,41,4.1
End,Acidified,3,8,Out,2,23,14,43,4.3,27,2.7
Start,Acidified,3,8,Out,3,24,1,58,5.27,37,3.36
Start,Acidified,3,8,Out,3,24,2,62,5.64,35,3.18
Start,Acidified,3,8,Out,3,24,3,30,2.73,20,1.82
Start,Acidified,3,8,Out,3,24,4,77,7,47,4.27
Start,Acidified,3,8,Out,3,24,5,43,3.91,30,2.73
Start,Acidified,3,8,Out,3,24,6,82,7.45,54,4.91
Start,Acidified,3,8,Out,3,24,7,76,6.91,49,4.45
Start,Acidified,3,8,Out,3,24,8,69,6.27,42,3.82
Start,Acidified,3,8,Out,3,24,9,71,6.45,42,3.82
Start,Acidified,3,8,Out,3,24,10,65,5.91,36,3.27
Start,Acidified,3,8,Out,3,24,11,53,4.82,33,3
Start,Acidified,3,8,Out,3,24,12,56,5.09,35,3.18
Start,Acidified,3,8,Out,3,24,13,45,4.09,27,2.45
Start,Acidified,3,8,Out,3,24,14,63,5.73,35,3.18
End,Acidified,3,8,Out,3,24,1,90,9,53,5.3
End,Acidified,3,8,Out,3,24,2,96,9.6,55,5.5
End,Acidified,3,8,Out,3,24,3,75,7.5,50,5
End,Acidified,3,8,Out,3,24,4,62,6.2,36,3.6
End,Acidified,3,8,Out,3,24,5,56,5.6,35,3.5
End,Acidified,3,8,Out,3,24,6,55,5.5,32,3.2
End,Acidified,3,8,Out,3,24,7,74,7.4,46,4.6
End,Acidified,3,8,Out,3,24,8,79,7.9,49,4.9
End,Acidified,3,8,Out,3,24,9,79,7.9,49,4.9
End,Acidified,3,8,Out,3,24,10,63,6.3,36,3.6
End,Acidified,3,8,Out,3,24,11,72,7.2,40,4
End,Acidified,3,8,Out,3,24,12,73,7.3,43,4.3
End,Acidified,3,8,Out,3,24,13,42,4.2,29,2.9
End,Acidified,3,8,Out,3,24,14,48,4.8,30,3
Start,Control,1,2,In,1,4,1,81,7.36,52,4.73
Start,Control,1,2,In,1,4,2,55,5,39,3.55
Start,Control,1,2,In,1,4,3,44,4,30,2.73
Start,Control,1,2,In,1,4,4,49,4.45,33,3
Start,Control,1,2,In,1,4,5,84,7.64,51,4.64
Start,Control,1,2,In,1,4,6,74,6.73,46,4.18
Start,Control,1,2,In,1,4,7,59,5.36,38,3.45
Start,Control,1,2,In,1,4,8,48,4.36,35,3.18
Start,Control,1,2,In,1,4,9,82,7.45,54,4.91
Start,Control,1,2,In,1,4,10,87,7.91,54,4.91
Start,Control,1,2,In,1,4,11,68,6.18,44,4
Start,Control,1,2,In,1,4,12,64,5.82,42,3.82
Start,Control,1,2,In,1,4,13,58,5.27,40,3.64
Start,Control,1,2,In,1,4,14,71,6.45,44,4
End,Control,1,2,In,1,4,1,60,6,37,3.7
End,Control,1,2,In,1,4,2,73,7.3,45,4.5
End,Control,1,2,In,1,4,3,53,5.3,34,3.4
End,Control,1,2,In,1,4,4,57,5.7,38,3.8
End,Control,1,2,In,1,4,5,93,9.3,62,6.2
End,Control,1,2,In,1,4,6,72,7.2,48,4.8
End,Control,1,2,In,1,4,7,52,5.2,33,3.3
End,Control,1,2,In,1,4,8,71,7.1,45,4.5
End,Control,1,2,In,1,4,9,47,4.7,34,3.4
End,Control,1,2,In,1,4,10,94,9.4,59,5.9
End,Control,1,2,In,1,4,11,47,4.7,30,3
End,Control,1,2,In,1,4,12,93,9.3,56,5.6
End,Control,1,2,In,1,4,13,77,7.7,51,5.1
End,Control,1,2,In,1,4,14,80,8,48,4.8
Start,Control,1,2,In,2,5,1,75,6.82,48,4.36
Start,Control,1,2,In,2,5,2,75,6.82,48,4.36
Start,Control,1,2,In,2,5,3,58,5.27,39,3.55
Start,Control,1,2,In,2,5,4,44,4,32,2.91
Start,Control,1,2,In,2,5,5,72,6.55,45,4.09
Start,Control,1,2,In,2,5,6,59,5.36,39,3.55
Start,Control,1,2,In,2,5,7,83,7.55,52,4.73
Start,Control,1,2,In,2,5,8,47,4.27,32,2.91
Start,Control,1,2,In,2,5,9,64,5.82,44,4
Start,Control,1,2,In,2,5,10,59,5.36,40,3.64
Start,Control,1,2,In,2,5,11,50,4.55,35,3.18
Start,Control,1,2,In,2,5,12,47,4.27,32,2.91
Start,Control,1,2,In,2,5,13,84,7.64,54,4.91
Start,Control,1,2,In,2,5,14,49,4.45,33,3
End,Control,1,2,In,2,5,1,61,6.1,36,3.6
End,Control,1,2,In,2,5,2,73,7.3,48,4.8
End,Control,1,2,In,2,5,3,59,5.9,35,3.5
End,Control,1,2,In,2,5,4,81,8.1,50,5
End,Control,1,2,In,2,5,5,71,7.1,45,4.5
End,Control,1,2,In,2,5,6,76,7.6,45,4.5
End,Control,1,2,In,2,5,7,68,6.8,42,4.2
End,Control,1,2,In,2,5,8,56,5.6,33,3.3
End,Control,1,2,In,2,5,9,91,9.1,55,5.5
End,Control,1,2,In,2,5,10,62,6.2,37,3.7
End,Control,1,2,In,2,5,11,74,7.4,47,4.7
End,Control,1,2,In,2,5,12,55,5.5,32,3.2
End,Control,1,2,In,2,5,13,72,7.2,50,5
End,Control,1,2,In,2,5,14,53,5.3,32,3.2
End,Control,1,2,In,3,6,1,88,8.8,50,5
End,Control,1,2,In,3,6,2,73,7.3,44,4.4
End,Control,1,2,In,3,6,3,96,9.6,57,5.7
End,Control,1,2,In,3,6,4,51,5.1,30,3
End,Control,1,2,In,3,6,5,71,7.1,48,4.8
End,Control,1,2,In,3,6,6,93,9.3,54,5.4
End,Control,1,2,In,3,6,7,55,5.5,34,3.4
End,Control,1,2,In,3,6,8,64,6.4,40,4
End,Control,1,2,In,3,6,9,65,6.5,41,4.1
End,Control,1,2,In,3,6,10,69,6.9,40,4
End,Control,1,2,In,3,6,11,73,7.3,44,4.4
End,Control,1,2,In,3,6,12,71,7.1,45,4.5
End,Control,1,2,In,3,6,13,88,8.8,51,5.1
Start,Control,1,2,Out,1,4,1,65,5.91,43,3.91
Start,Control,1,2,Out,1,4,2,53,4.82,35,3.18
Start,Control,1,2,Out,1,4,3,105,9.55,72,6.55
Start,Control,1,2,Out,1,4,4,82,7.45,50,4.55
Start,Control,1,2,Out,1,4,5,74,6.73,48,4.36
Start,Control,1,2,Out,1,4,6,46,4.18,30,2.73
Start,Control,1,2,Out,1,4,7,66,6,42,3.82
Start,Control,1,2,Out,1,4,8,73,6.64,44,4
Start,Control,1,2,Out,1,4,9,80,7.27,48,4.36
Start,Control,1,2,Out,1,4,10,66,6,40,3.64
Start,Control,1,2,Out,1,4,11,75,6.82,49,4.45
Start,Control,1,2,Out,1,4,12,51,4.64,34,3.09
Start,Control,1,2,Out,1,4,13,64,5.82,40,3.64
Start,Control,1,2,Out,1,4,14,78,7.09,51,4.64
End,Control,1,2,Out,1,4,1,57,5.7,32,3.2
End,Control,1,2,Out,1,4,2,60,6,35,3.5
End,Control,1,2,Out,1,4,3,68,6.8,41,4.1
End,Control,1,2,Out,1,4,4,64,6.4,38,3.8
End,Control,1,2,Out,1,4,5,48,4.8,28,2.8
End,Control,1,2,Out,1,4,6,63,6.3,37,3.7
End,Control,1,2,Out,1,4,7,50,5,30,3
End,Control,1,2,Out,1,4,8,55,5.5,35,3.5
End,Control,1,2,Out,1,4,9,41,4.1,27,2.7
End,Control,1,2,Out,1,4,10,47,4.7,27,2.7
End,Control,1,2,Out,1,4,11,66,6.6,46,4.6
End,Control,1,2,Out,1,4,12,76,7.6,45,4.5
End,Control,1,2,Out,1,4,13,61,6.1,35,3.5
End,Control,1,2,Out,1,4,14,62,6.2,37,3.7
Start,Control,1,2,Out,2,5,1,90,8.18,47,4.27
Start,Control,1,2,Out,2,5,2,56,5.09,37,3.36
Start,Control,1,2,Out,2,5,3,73,6.64,45,4.09
Start,Control,1,2,Out,2,5,4,70,6.36,43,3.91
Start,Control,1,2,Out,2,5,5,78,7.09,50,4.55
Start,Control,1,2,Out,2,5,6,70,6.36,44,4
Start,Control,1,2,Out,2,5,7,66,6,41,3.73
Start,Control,1,2,Out,2,5,8,77,7,47,4.27
Start,Control,1,2,Out,2,5,9,58,5.27,39,3.55
Start,Control,1,2,Out,2,5,10,72,6.55,42,3.82
Start,Control,1,2,Out,2,5,11,69,6.27,45,4.09
Start,Control,1,2,Out,2,5,12,62,5.64,41,3.73
Start,Control,1,2,Out,2,5,13,55,5,35,3.18
Start,Control,1,2,Out,2,5,14,45,4.09,33,3
End,Control,1,2,Out,2,5,1,51,5.1,32,3.2
End,Control,1,2,Out,2,5,2,57,5.7,35,3.5
End,Control,1,2,Out,2,5,3,48,4.8,30,3
End,Control,1,2,Out,2,5,4,42,4.2,37,3.7
End,Control,1,2,Out,2,5,5,59,5.9,37,3.7
End,Control,1,2,Out,2,5,6,34,3.4,22,2.2
End,Control,1,2,Out,2,5,7,38,3.8,24,2.4
End,Control,1,2,Out,2,5,8,32,3.2,20,2
End,Control,1,2,Out,2,5,9,70,7,44,4.4
End,Control,1,2,Out,2,5,10,57,5.7,34,3.4
End,Control,1,2,Out,2,5,11,60,6,34,3.4
End,Control,1,2,Out,2,5,12,52,5.2,33,3.3
End,Control,1,2,Out,2,5,13,73,7.3,43,4.3
End,Control,1,2,Out,2,5,14,58,5.8,30,3
Start,Control,1,2,Out,3,6,1,58,5.27,40,3.64
Start,Control,1,2,Out,3,6,2,65,5.91,43,3.91
Start,Control,1,2,Out,3,6,3,36,3.27,26,2.36
Start,Control,1,2,Out,3,6,4,45,4.09,31,2.82
Start,Control,1,2,Out,3,6,5,68,6.18,45,4.09
Start,Control,1,2,Out,3,6,6,66,6,42,3.82
Start,Control,1,2,Out,3,6,7,53,4.82,33,3
Start,Control,1,2,Out,3,6,8,77,7,48,4.36
Start,Control,1,2,Out,3,6,9,83,7.55,54,4.91
Start,Control,1,2,Out,3,6,10,50,4.55,35,3.18
Start,Control,1,2,Out,3,6,11,42,3.82,32,2.91
Start,Control,1,2,Out,3,6,12,57,5.18,40,3.64
Start,Control,1,2,Out,3,6,13,49,4.45,35,3.18
Start,Control,1,2,Out,3,6,14,39,3.55,29,2.64
End,Control,1,2,Out,3,6,1,96,9.6,60,6
End,Control,1,2,Out,3,6,2,62,6.2,39,3.9
End,Control,1,2,Out,3,6,3,69,6.9,42,4.2
End,Control,1,2,Out,3,6,4,49,4.9,29,2.9
End,Control,1,2,Out,3,6,5,71,7.1,46,4.6
End,Control,1,2,Out,3,6,6,73,7.3,44,4.4
End,Control,1,2,Out,3,6,7,64,6.4,40,4
End,Control,1,2,Out,3,6,8,42,4.2,28,2.8
End,Control,1,2,Out,3,6,9,52,5.2,30,3
End,Control,1,2,Out,3,6,10,76,7.6,45,4.5
End,Control,1,2,Out,3,6,11,61,6.1,35,3.5
End,Control,1,2,Out,3,6,12,60,6,35,3.5
End,Control,1,2,Out,3,6,13,71,7.1,46,4.6
End,Control,1,2,Out,3,6,14,69,6.9,43,4.3
Start,Control,2,6,In,1,16,1,52,4.73,34,3.09
Start,Control,2,6,In,1,16,2,90,8.18,55,5
Start,Control,2,6,In,1,16,3,64,5.82,42,3.82
Start,Control,2,6,In,1,16,4,80,7.27,50,4.55
Start,Control,2,6,In,1,16,5,60,5.45,40,3.64
Start,Control,2,6,In,1,16,6,62,5.64,38,3.45
Start,Control,2,6,In,1,16,7,72,6.55,50,4.55
Start,Control,2,6,In,1,16,8,62,5.64,44,4
Start,Control,2,6,In,1,16,9,65,5.91,40,3.64
Start,Control,2,6,In,1,16,10,50,4.55,35,3.18
Start,Control,2,6,In,1,16,11,97,8.82,63,5.73
Start,Control,2,6,In,1,16,12,66,6,40,3.64
Start,Control,2,6,In,1,16,13,55,5,35,3.18
Start,Control,2,6,In,1,16,14,66,6,41,3.73
End,Control,2,6,In,1,16,1,91,9.1,52,5.2
End,Control,2,6,In,1,16,2,61,6.1,39,3.9
End,Control,2,6,In,1,16,3,62,6.2,33,3.3
End,Control,2,6,In,1,16,4,74,7.4,43,4.3
End,Control,2,6,In,1,16,5,81,8.1,42,4.2
End,Control,2,6,In,1,16,6,56,5.6,35,3.5
End,Control,2,6,In,1,16,7,54,5.4,33,3.3
End,Control,2,6,In,1,16,8,97,9.7,57,5.7
End,Control,2,6,In,1,16,9,70,7,41,4.1
End,Control,2,6,In,1,16,10,66,6.6,38,3.8
End,Control,2,6,In,1,16,11,65,6.5,40,4
End,Control,2,6,In,1,16,12,76,7.6,45,4.5
End,Control,2,6,In,1,16,13,67,6.7,40,4
End,Control,2,6,In,1,16,14,78,7.8,48,4.8
Start,Control,2,6,In,2,17,1,85,7.73,52,4.73
Start,Control,2,6,In,2,17,2,82,7.45,53,4.82
Start,Control,2,6,In,2,17,3,87,7.91,53,4.82
Start,Control,2,6,In,2,17,4,79,7.18,48,4.36
Start,Control,2,6,In,2,17,5,74,6.73,44,4
Start,Control,2,6,In,2,17,6,67,6.09,43,3.91
Start,Control,2,6,In,2,17,7,55,5,38,3.45
Start,Control,2,6,In,2,17,8,70,6.36,45,4.09
Start,Control,2,6,In,2,17,9,70,6.36,47,4.27
Start,Control,2,6,In,2,17,10,50,4.55,31,2.82
Start,Control,2,6,In,2,17,11,65,5.91,44,4
Start,Control,2,6,In,2,17,12,66,6,44,4
Start,Control,2,6,In,2,17,13,49,4.45,30,2.73
Start,Control,2,6,In,2,17,14,42,3.82,28,2.55
End,Control,2,6,In,2,17,1,97,9.7,58,5.8
End,Control,2,6,In,2,17,2,81,8.1,50,5
End,Control,2,6,In,2,17,3,51,5.1,30,3
End,Control,2,6,In,2,17,4,37,3.7,22,2.2
End,Control,2,6,In,2,17,5,89,8.9,55,5.5
End,Control,2,6,In,2,17,6,94,9.4,55,5.5
End,Control,2,6,In,2,17,7,76,7.6,50,5
End,Control,2,6,In,2,17,8,54,5.4,33,3.3
End,Control,2,6,In,2,17,9,80,8,48,4.8
End,Control,2,6,In,2,17,10,77,7.7,47,4.7
End,Control,2,6,In,2,17,11,76,7.6,50,5
End,Control,2,6,In,2,17,12,70,7,40,4
End,Control,2,6,In,2,17,13,89,8.9,55,5.5
End,Control,2,6,In,2,17,14,75,7.5,45,4.5
Start,Control,2,6,In,3,18,1,89,8.09,57,5.18
Start,Control,2,6,In,3,18,2,45,4.09,31,2.82
Start,Control,2,6,In,3,18,3,40,3.64,29,2.64
Start,Control,2,6,In,3,18,4,85,7.73,52,4.73
Start,Control,2,6,In,3,18,5,46,4.18,30,2.73
Start,Control,2,6,In,3,18,6,55,5,38,3.45
Start,Control,2,6,In,3,18,7,68,6.18,43,3.91
Start,Control,2,6,In,3,18,8,44,4,30,2.73
Start,Control,2,6,In,3,18,9,61,5.55,40,3.64
Start,Control,2,6,In,3,18,10,45,4.09,30,2.73
Start,Control,2,6,In,3,18,11,60,5.45,39,3.55
Start,Control,2,6,In,3,18,12,50,4.55,33,3
Start,Control,2,6,In,3,18,13,97,8.82,59,5.36
Start,Control,2,6,In,3,18,14,53,4.82,37,3.36
End,Control,2,6,In,3,18,1,90,9,55,5.5
End,Control,2,6,In,3,18,2,71,7.1,42,4.2
End,Control,2,6,In,3,18,3,106,10.6,65,6.5
End,Control,2,6,In,3,18,4,65,6.5,43,4.3
End,Control,2,6,In,3,18,5,80,8,52,5.2
End,Control,2,6,In,3,18,6,57,5.7,35,3.5
End,Control,2,6,In,3,18,7,55,5.5,33,3.3
End,Control,2,6,In,3,18,8,56,5.6,34,3.4
End,Control,2,6,In,3,18,9,52,5.2,32,3.2
End,Control,2,6,In,3,18,10,55,5.5,35,3.5
End,Control,2,6,In,3,18,11,43,4.3,26,2.6
End,Control,2,6,In,3,18,12,65,6.5,40,4
End,Control,2,6,In,3,18,13,67,6.7,42,4.2
End,Control,2,6,In,3,18,14,105,10.5,67,6.7
Start,Control,2,6,Out,1,16,1,87,7.91,55,5
Start,Control,2,6,Out,1,16,2,58,5.27,35,3.18
Start,Control,2,6,Out,1,16,3,68,6.18,39,3.55
Start,Control,2,6,Out,1,16,4,56,5.09,38,3.45
Start,Control,2,6,Out,1,16,5,65,5.91,36,3.27
Start,Control,2,6,Out,1,16,6,68,6.18,45,4.09
Start,Control,2,6,Out,1,16,7,52,4.73,33,3
Start,Control,2,6,Out,1,16,8,59,5.36,37,3.36
Start,Control,2,6,Out,1,16,9,56,5.09,36,3.27
Start,Control,2,6,Out,1,16,10,74,6.73,47,4.27
Start,Control,2,6,Out,1,16,11,56,5.09,34,3.09
Start,Control,2,6,Out,1,16,12,55,5,32,2.91
Start,Control,2,6,Out,1,16,13,50,4.55,36,3.27
Start,Control,2,6,Out,1,16,14,45,4.09,30,2.73
End,Control,2,6,Out,1,16,1,81,8.1,49,4.9
End,Control,2,6,Out,1,16,2,46,4.6,23,2.3
End,Control,2,6,Out,1,16,3,45,4.5,30,3
End,Control,2,6,Out,1,16,4,55,5.5,35,3.5
End,Control,2,6,Out,1,16,5,57,5.7,30,3
End,Control,2,6,Out,1,16,6,50,5,31,3.1
End,Control,2,6,Out,1,16,7,46,4.6,31,3.1
End,Control,2,6,Out,1,16,8,58,5.8,31,3.1
End,Control,2,6,Out,1,16,9,63,6.3,39,3.9
End,Control,2,6,Out,1,16,10,65,6.5,42,4.2
End,Control,2,6,Out,1,16,11,59,5.9,35,3.5
End,Control,2,6,Out,1,16,12,50,5,32,3.2
End,Control,2,6,Out,1,16,13,49,4.9,29,2.9
End,Control,2,6,Out,1,16,14,41,4.1,22,2.2
Start,Control,2,6,Out,2,17,1,89,8.09,57,5.18
Start,Control,2,6,Out,2,17,2,71,6.45,46,4.18
Start,Control,2,6,Out,2,17,3,68,6.18,40,3.64
Start,Control,2,6,Out,2,17,4,56,5.09,38,3.45
Start,Control,2,6,Out,2,17,5,66,6,47,4.27
Start,Control,2,6,Out,2,17,6,46,4.18,34,3.09
Start,Control,2,6,Out,2,17,7,55,5,37,3.36
Start,Control,2,6,Out,2,17,8,77,7,48,4.36
Start,Control,2,6,Out,2,17,9,49,4.45,32,2.91
Start,Control,2,6,Out,2,17,10,42,3.82,33,3
Start,Control,2,6,Out,2,17,11,47,4.27,31,2.82
Start,Control,2,6,Out,2,17,12,52,4.73,36,3.27
Start,Control,2,6,Out,2,17,13,63,5.73,39,3.55
Start,Control,2,6,Out,2,17,14,56,5.09,38,3.45
End,Control,2,6,Out,2,17,1,64,6.4,39,3.9
End,Control,2,6,Out,2,17,2,42,4.2,26,2.6
End,Control,2,6,Out,2,17,3,77,7.7,47,4.7
End,Control,2,6,Out,2,17,4,47,4.7,29,2.9
End,Control,2,6,Out,2,17,5,47,4.7,31,3.1
End,Control,2,6,Out,2,17,6,57,5.7,35,3.5
End,Control,2,6,Out,2,17,7,69,6.9,44,4.4
End,Control,2,6,Out,2,17,8,45,4.5,28,2.8
End,Control,2,6,Out,2,17,9,62,6.2,39,3.9
End,Control,2,6,Out,2,17,10,41,4.1,24,2.4
End,Control,2,6,Out,2,17,11,49,4.9,31,3.1
End,Control,2,6,Out,2,17,12,40,4,27,2.7
End,Control,2,6,Out,2,17,13,40,4,28,2.8
End,Control,2,6,Out,2,17,14,47,4.7,29,2.9
Start,Control,2,6,Out,3,18,1,40,3.64,29,2.64
Start,Control,2,6,Out,3,18,2,75,6.82,49,4.45
Start,Control,2,6,Out,3,18,3,84,7.64,52,4.73
Start,Control,2,6,Out,3,18,4,74,6.73,46,4.18
Start,Control,2,6,Out,3,18,5,81,7.36,40,3.64
Start,Control,2,6,Out,3,18,6,68,6.18,36,3.27
Start,Control,2,6,Out,3,18,7,84,7.64,51,4.64
Start,Control,2,6,Out,3,18,8,63,5.73,44,4
Start,Control,2,6,Out,3,18,9,72,6.55,43,3.91
Start,Control,2,6,Out,3,18,10,71,6.45,46,4.18
Start,Control,2,6,Out,3,18,11,78,7.09,42,3.82
Start,Control,2,6,Out,3,18,12,42,3.82,25,2.27
Start,Control,2,6,Out,3,18,13,46,4.18,30,2.73
Start,Control,2,6,Out,3,18,14,45,4.09,30,2.73
End,Control,2,6,Out,3,18,1,71,7.1,43,4.3
End,Control,2,6,Out,3,18,2,75,7.5,45,4.5
End,Control,2,6,Out,3,18,3,65,6.5,40,4
End,Control,2,6,Out,3,18,4,39,3.9,24,2.4
End,Control,2,6,Out,3,18,5,36,3.6,25,2.5
End,Control,2,6,Out,3,18,6,37,3.7,24,2.4
End,Control,2,6,Out,3,18,7,53,5.3,34,3.4
End,Control,2,6,Out,3,18,8,71,7.1,43,4.3
End,Control,2,6,Out,3,18,9,59,5.9,36,3.6
End,Control,2,6,Out,3,18,10,34,3.4,20,2
End,Control,2,6,Out,3,18,11,57,5.7,35,3.5
End,Control,2,6,Out,3,18,12,67,6.7,39,3.9
End,Control,2,6,Out,3,18,13,55,5.5,35,3.5
End,Control,2,6,Out,3,18,14,62,6.2,37,3.7
Start,Control,3,9,In,1,25,1,46,4.18,32,2.91
Start,Control,3,9,In,1,25,2,87,7.91,54,4.91
Start,Control,3,9,In,1,25,3,36,3.27,26,2.36
Start,Control,3,9,In,1,25,4,35,3.18,25,2.27
Start,Control,3,9,In,1,25,5,88,8,55,5
Start,Control,3,9,In,1,25,6,80,7.27,50,4.55
Start,Control,3,9,In,1,25,7,55,5,35,3.18
Start,Control,3,9,In,1,25,8,78,7.09,51,4.64
Start,Control,3,9,In,1,25,9,70,6.36,47,4.27
Start,Control,3,9,In,1,25,10,92,8.36,55,5
Start,Control,3,9,In,1,25,11,80,7.27,50,4.55
Start,Control,3,9,In,1,25,12,72,6.55,45,4.09
Start,Control,3,9,In,1,25,13,40,3.64,27,2.45
Start,Control,3,9,In,1,25,14,60,5.45,41,3.73
End,Control,3,9,In,1,25,1,59,5.9,37,3.7
End,Control,3,9,In,1,25,2,35,3.5,20,2
End,Control,3,9,In,1,25,3,81,8.1,48,4.8
End,Control,3,9,In,1,25,4,50,5,29,2.9
End,Control,3,9,In,1,25,5,68,6.8,40,4
End,Control,3,9,In,1,25,6,78,7.8,50,5
End,Control,3,9,In,1,25,7,72,7.2,43,4.3
End,Control,3,9,In,1,25,8,83,8.3,50,5
End,Control,3,9,In,1,25,9,77,7.7,45,4.5
End,Control,3,9,In,1,25,10,66,6.6,40,4
End,Control,3,9,In,1,25,11,74,7.4,43,4.3
Start,Control,3,9,In,2,26,1,62,5.64,40,3.64
Start,Control,3,9,In,2,26,2,62,5.64,38,3.45
Start,Control,3,9,In,2,26,3,65,5.91,40,3.64
Start,Control,3,9,In,2,26,4,42,3.82,28,2.55
Start,Control,3,9,In,2,26,5,58,5.27,38,3.45
Start,Control,3,9,In,2,26,6,69,6.27,44,4
Start,Control,3,9,In,2,26,7,67,6.09,43,3.91
Start,Control,3,9,In,2,26,8,48,4.36,33,3
Start,Control,3,9,In,2,26,9,72,6.55,48,4.36
Start,Control,3,9,In,2,26,10,65,5.91,42,3.82
Start,Control,3,9,In,2,26,11,65,5.91,41,3.73
Start,Control,3,9,In,2,26,12,70,6.36,45,4.09
Start,Control,3,9,In,2,26,13,65,5.91,40,3.64
Start,Control,3,9,In,2,26,14,76,6.91,50,4.55
End,Control,3,9,In,2,26,1,62,6.2,37,3.7
End,Control,3,9,In,2,26,2,54,5.4,32,3.2
End,Control,3,9,In,2,26,3,65,6.5,39,3.9
End,Control,3,9,In,2,26,4,60,6,37,3.7
End,Control,3,9,In,2,26,5,59,5.9,36,3.6
End,Control,3,9,In,2,26,6,66,6.6,39,3.9
End,Control,3,9,In,2,26,7,74,7.4,44,4.4
End,Control,3,9,In,2,26,8,60,6,32,3.2
End,Control,3,9,In,2,26,9,62,6.2,36,3.6
End,Control,3,9,In,2,26,10,63,6.3,31,3.1
End,Control,3,9,In,2,26,11,50,5,37,3.7
Start,Control,3,9,In,3,27,1,67,6.09,45,4.09
Start,Control,3,9,In,3,27,2,94,8.55,55,5
Start,Control,3,9,In,3,27,3,63,5.73,40,3.64
Start,Control,3,9,In,3,27,4,93,8.45,57,5.18
Start,Control,3,9,In,3,27,5,83,7.55,51,4.64
Start,Control,3,9,In,3,27,6,71,6.45,46,4.18
Start,Control,3,9,In,3,27,7,83,7.55,53,4.82
Start,Control,3,9,In,3,27,8,106,9.64,61,5.55
Start,Control,3,9,In,3,27,9,62,5.64,41,3.73
Start,Control,3,9,In,3,27,10,85,7.73,61,5.55
Start,Control,3,9,In,3,27,11,73,6.64,46,4.18
Start,Control,3,9,In,3,27,12,60,5.45,40,3.64
Start,Control,3,9,In,3,27,13,88,8,55,5
Start,Control,3,9,In,3,27,14,57,5.18,37,3.36
End,Control,3,9,In,3,27,1,55,5.5,33,3.3
End,Control,3,9,In,3,27,2,46,4.6,29,2.9
End,Control,3,9,In,3,27,3,69,6.9,40,4
End,Control,3,9,In,3,27,4,72,7.2,43,4.3
End,Control,3,9,In,3,27,5,77,7.7,44,4.4
End,Control,3,9,In,3,27,6,74,7.4,42,4.2
End,Control,3,9,In,3,27,7,53,5.3,31,3.1
End,Control,3,9,In,3,27,8,78,7.8,46,4.6
End,Control,3,9,In,3,27,9,78,7.8,48,4.8
End,Control,3,9,In,3,27,10,67,6.7,39,3.9
End,Control,3,9,In,3,27,11,93,9.3,56,5.6
End,Control,3,9,In,3,27,12,71,7.1,40,4
End,Control,3,9,In,3,27,13,68,6.8,37,3.7
End,Control,3,9,In,3,27,14,56,5.6,33,3.3
Start,Control,3,9,Out,1,25,1,52,4.73,32,2.91
Start,Control,3,9,Out,1,25,2,76,6.91,48,4.36
Start,Control,3,9,Out,1,25,3,43,3.91,29,2.64
Start,Control,3,9,Out,1,25,4,60,5.45,40,3.64
Start,Control,3,9,Out,1,25,5,99,9,60,5.45
Start,Control,3,9,Out,1,25,6,64,5.82,41,3.73
Start,Control,3,9,Out,1,25,7,48,4.36,34,3.09
Start,Control,3,9,Out,1,25,8,83,7.55,56,5.09
Start,Control,3,9,Out,1,25,9,93,8.45,56,5.09
Start,Control,3,9,Out,1,25,10,58,5.27,39,3.55
Start,Control,3,9,Out,1,25,11,63,5.73,41,3.73
Start,Control,3,9,Out,1,25,12,81,7.36,52,4.73
Start,Control,3,9,Out,1,25,13,52,4.73,35,3.18
Start,Control,3,9,Out,1,25,14,88,8,55,5
End,Control,3,9,Out,1,25,1,64,6.4,36,3.6
End,Control,3,9,Out,1,25,2,99,9.9,59,5.9
End,Control,3,9,Out,1,25,3,84,8.4,49,4.9
End,Control,3,9,Out,1,25,4,65,6.5,40,4
End,Control,3,9,Out,1,25,5,49,4.9,29,2.9
End,Control,3,9,Out,1,25,6,80,8,46,4.6
End,Control,3,9,Out,1,25,7,78,7.8,42,4.2
End,Control,3,9,Out,1,25,8,59,5.9,36,3.6
End,Control,3,9,Out,1,25,9,46,4.6,29,2.9
End,Control,3,9,Out,1,25,10,84,8.4,51,5.1
End,Control,3,9,Out,1,25,11,56,5.6,35,3.5
End,Control,3,9,Out,1,25,12,48,4.8,30,3
End,Control,3,9,Out,1,25,13,90,9,56,5.6
Start,Control,3,9,Out,2,26,1,61,5.55,40,3.64
Start,Control,3,9,Out,2,26,2,73,6.64,47,4.27
Start,Control,3,9,Out,2,26,3,68,6.18,43,3.91
Start,Control,3,9,Out,2,26,4,46,4.18,32,2.91
Start,Control,3,9,Out,2,26,5,87,7.91,53,4.82
Start,Control,3,9,Out,2,26,6,58,5.27,40,3.64
Start,Control,3,9,Out,2,26,7,97,8.82,61,5.55
Start,Control,3,9,Out,2,26,8,81,7.36,50,4.55
Start,Control,3,9,Out,2,26,9,50,4.55,34,3.09
Start,Control,3,9,Out,2,26,10,57,5.18,38,3.45
Start,Control,3,9,Out,2,26,11,98,8.91,60,5.45
Start,Control,3,9,Out,2,26,12,54,4.91,36,3.27
Start,Control,3,9,Out,2,26,13,60,5.45,42,3.82
Start,Control,3,9,Out,2,26,14,76,6.91,49,4.45
End,Control,3,9,Out,2,26,1,47,4.7,29,2.9
End,Control,3,9,Out,2,26,2,63,6.3,37,3.7
End,Control,3,9,Out,2,26,3,30,3,37,3.7
End,Control,3,9,Out,2,26,4,80,8,49,4.9
End,Control,3,9,Out,2,26,5,90,9,56,5.6
End,Control,3,9,Out,2,26,6,89,8.9,55,5.5
End,Control,3,9,Out,2,26,7,45,4.5,25,2.5
End,Control,3,9,Out,2,26,8,55,5.5,32,3.2
End,Control,3,9,Out,2,26,9,54,5.4,32,3.2
End,Control,3,9,Out,2,26,10,58,5.8,33,3.3
End,Control,3,9,Out,2,26,11,54,5.4,35,3.5
End,Control,3,9,Out,2,26,12,72,7.2,44,4.4
End,Control,3,9,Out,2,26,13,75,7.5,46,4.6
End,Control,3,9,Out,2,26,14,67,6.7,43,4.3
Start,Control,3,9,Out,3,27,1,78,7.09,49,4.45
Start,Control,3,9,Out,3,27,2,62,5.64,45,4.09
Start,Control,3,9,Out,3,27,3,58,5.27,37,3.36
Start,Control,3,9,Out,3,27,4,87,7.91,52,4.73
Start,Control,3,9,Out,3,27,5,80,7.27,50,4.55
Start,Control,3,9,Out,3,27,6,77,7,54,4.91
Start,Control,3,9,Out,3,27,7,52,4.73,35,3.18
Start,Control,3,9,Out,3,27,8,69,6.27,43,3.91
Start,Control,3,9,Out,3,27,9,53,4.82,35,3.18
Start,Control,3,9,Out,3,27,10,58,5.27,36,3.27
Start,Control,3,9,Out,3,27,11,53,4.82,32,2.91
Start,Control,3,9,Out,3,27,12,79,7.18,50,4.55
Start,Control,3,9,Out,3,27,13,40,3.64,26,2.36
Start,Control,3,9,Out,3,27,14,53,4.82,36,3.27
End,Control,3,9,Out,3,27,1,48,4.8,30,3
End,Control,3,9,Out,3,27,2,72,7.2,44,4.4
End,Control,3,9,Out,3,27,3,55,5.5,34,3.4
End,Control,3,9,Out,3,27,4,70,7,45,4.5
End,Control,3,9,Out,3,27,5,76,7.6,46,4.6
End,Control,3,9,Out,3,27,6,61,6.1,36,3.6
End,Control,3,9,Out,3,27,7,47,4.7,31,3.1
End,Control,3,9,Out,3,27,8,69,6.9,41,4.1
End,Control,3,9,Out,3,27,9,46,4.6,28,2.8
End,Control,3,9,Out,3,27,10,68,6.8,41,4.1
End,Control,3,9,Out,3,27,11,63,6.3,36,3.6
End,Control,3,9,Out,3,27,12,36,3.6,24,2.4
End,Control,3,9,Out,3,27,13,52,5.2,31,3.1
End,Control,3,9,Out,3,27,14,47,4.7,28,2.8
Start,Control ,1,2,In,3,6,1,80,7.27,50,4.55
Start,Control ,1,2,In,3,6,2,51,4.64,35,3.18
Start,Control ,1,2,In,3,6,3,86,7.82,54,4.91
Start,Control ,1,2,In,3,6,4,69,6.27,45,4.09
Start,Control ,1,2,In,3,6,5,69,6.27,44,4
Start,Control ,1,2,In,3,6,6,67,6.09,44,4
Start,Control ,1,2,In,3,6,7,62,5.64,37,3.36
Start,Control ,1,2,In,3,6,8,72,6.55,49,4.45
Start,Control ,1,2,In,3,6,9,52,4.73,37,3.36
Start,Control ,1,2,In,3,6,10,54,4.91,35,3.18
Start,Control ,1,2,In,3,6,11,61,5.55,40,3.64
Start,Control ,1,2,In,3,6,12,71,6.45,47,4.27
Start,Control ,1,2,In,3,6,13,57,5.18,33,3
Start,Control ,1,2,In,3,6,14,65,5.91,43,3.91
Start,Variable,1,4,In,1,10,1,54,4.91,37,3.36
Start,Variable,1,4,In,1,10,2,83,7.55,49,4.46
Start,Variable,1,4,In,1,10,3,51,4.64,35,3.18
Start,Variable,1,4,In,1,10,4,80,7.27,49,4.46
Start,Variable,1,4,In,1,10,5,64,5.82,40,3.64
Start,Variable,1,4,In,1,10,6,87,7.91,55,5
Start,Variable,1,4,In,1,10,7,98,8.91,58,5.27
Start,Variable,1,4,In,1,10,8,63,5.73,38,3.46
Start,Variable,1,4,In,1,10,9,80,7.27,51,4.64
Start,Variable,1,4,In,1,10,10,70,6.36,46,4.18
Start,Variable,1,4,In,1,10,11,52,4.73,36,3.27
Start,Variable,1,4,In,1,10,12,63,5.76,38,3.46
Start,Variable,1,4,In,1,10,13,73,6.59,44,4
Start,Variable,1,4,In,1,10,14,63,5.73,36,3.27
End,Variable,1,4,In,1,10,1,72,7.2,46,4.6
End,Variable,1,4,In,1,10,2,88,8.8,53,5.3
End,Variable,1,4,In,1,10,3,61,6.1,36,3.6
End,Variable,1,4,In,1,10,4,73,7.3,42,4.2
End,Variable,1,4,In,1,10,5,78,7.8,47,4.7
End,Variable,1,4,In,1,10,6,50,5,32,3.2
End,Variable,1,4,In,1,10,7,54,5.4,32,3.2
End,Variable,1,4,In,1,10,8,95,9.5,55,5.5
End,Variable,1,4,In,1,10,9,84,8.4,50,5
End,Variable,1,4,In,1,10,10,59,5.9,39,3.9
End,Variable,1,4,In,1,10,11,96,9.6,59,5.9
End,Variable,1,4,In,1,10,12,95,9.5,58,5.8
End,Variable,1,4,In,1,10,13,110,11,66,6.6
Start,Variable,1,4,In,2,11,1,68,6.18,45,4.09
Start,Variable,1,4,In,2,11,2,81,7.36,51,4.64
Start,Variable,1,4,In,2,11,3,76,6.91,46,4.18
Start,Variable,1,4,In,2,11,4,54,4.91,36,3.27
Start,Variable,1,4,In,2,11,5,59,5.36,36,3.27
Start,Variable,1,4,In,2,11,6,60,5.45,37,3.36
Start,Variable,1,4,In,2,11,7,60,5.45,39,3.55
Start,Variable,1,4,In,2,11,8,74,6.73,45,4.09
Start,Variable,1,4,In,2,11,9,56,5.09,36,3.27
Start,Variable,1,4,In,2,11,10,73,6.64,46,4.18
Start,Variable,1,4,In,2,11,11,67,6.09,47,4.27
Start,Variable,1,4,In,2,11,12,60,5.45,36,3.27
Start,Variable,1,4,In,2,11,13,118,10.73,71,6.45
Start,Variable,1,4,In,2,11,14,73,6.64,44,4
End,Variable,1,4,In,2,11,1,67,6.7,43,4.3
End,Variable,1,4,In,2,11,2,80,8,49,4.9
End,Variable,1,4,In,2,11,3,120,12,70,7
End,Variable,1,4,In,2,11,4,85,8.5,56,5.6
End,Variable,1,4,In,2,11,5,74,7.4,49,4.9
End,Variable,1,4,In,2,11,6,82,8.2,51,5.1
End,Variable,1,4,In,2,11,7,83,8.3,49,4.9
End,Variable,1,4,In,2,11,8,63,6.3,40,4
End,Variable,1,4,In,2,11,9,57,5.7,34,3.4
End,Variable,1,4,In,2,11,10,66,6.6,42,4.2
End,Variable,1,4,In,2,11,11,67,6.7,41,4.1
End,Variable,1,4,In,2,11,12,80,8,50,5
End,Variable,1,4,In,2,11,13,74,7.4,45,4.5
End,Variable,1,4,In,2,11,14,99,9.9,62,6.2
Start,Variable,1,4,In,3,12,1,45,4.09,31,2.82
Start,Variable,1,4,In,3,12,2,55,5,33,3
Start,Variable,1,4,In,3,12,3,76,6.91,48,4.36
Start,Variable,1,4,In,3,12,4,98,8.91,61,5.55
Start,Variable,1,4,In,3,12,5,60,5.45,37,3.36
Start,Variable,1,4,In,3,12,6,61,5.55,39,3.55
Start,Variable,1,4,In,3,12,7,77,7,50,4.55
Start,Variable,1,4,In,3,12,8,73,6.64,45,4.09
Start,Variable,1,4,In,3,12,9,73,6.64,47,4.27
Start,Variable,1,4,In,3,12,10,78,7.09,48,4.36
Start,Variable,1,4,In,3,12,11,67,6.09,45,4.09
Start,Variable,1,4,In,3,12,12,78,7.09,49,4.45
Start,Variable,1,4,In,3,12,13,83,7.55,51,4.64
Start,Variable,1,4,In,3,12,14,48,4.36,34,3.09
End,Variable,1,4,In,3,12,1,68,6.8,50,5
End,Variable,1,4,In,3,12,2,58,5.8,35,3.5
End,Variable,1,4,In,3,12,3,65,6.5,39,3.9
End,Variable,1,4,In,3,12,4,75,7.5,45,4.5
End,Variable,1,4,In,3,12,5,71,7.1,40,4
End,Variable,1,4,In,3,12,6,68,6.8,40,4
End,Variable,1,4,In,3,12,7,71,7.1,44,4.4
End,Variable,1,4,In,3,12,8,94,9.4,59,5.9
End,Variable,1,4,In,3,12,9,32,3.2,20,2
End,Variable,1,4,In,3,12,10,75,7.5,41,4.1
End,Variable,1,4,In,3,12,11,82,8.2,53,5.3
End,Variable,1,4,In,3,12,12,59,5.9,35,3.5
End,Variable,1,4,In,3,12,13,54,5.4,33,3.3
End,Variable,1,4,In,3,12,14,81,8.1,49,4.9
End,Variable,1,4,In,3,12,15,82,8.2,50,5
Start,Variable,1,4,Out,1,10,1,73,6.64,46,4.18
Start,Variable,1,4,Out,1,10,2,57,5.18,36,3.27
Start,Variable,1,4,Out,1,10,3,44,4,32,2.91
Start,Variable,1,4,Out,1,10,4,58,5.27,36,3.27
Start,Variable,1,4,Out,1,10,5,85,7.73,53,4.82
Start,Variable,1,4,Out,1,10,6,80,7.27,50,4.55
Start,Variable,1,4,Out,1,10,7,58,5.27,36,3.27
Start,Variable,1,4,Out,1,10,8,48,4.36,35,3.18
Start,Variable,1,4,Out,1,10,9,43,3.91,30,2.73
Start,Variable,1,4,Out,1,10,10,70,6.36,44,4
Start,Variable,1,4,Out,1,10,11,64,5.82,45,4.09
Start,Variable,1,4,Out,1,10,12,63,5.73,42,3.82
Start,Variable,1,4,Out,1,10,13,59,5.36,38,3.45
Start,Variable,1,4,Out,1,10,14,60,5.45,37,3.36
End,Variable,1,4,Out,1,10,1,67,6.7,41,4.1
End,Variable,1,4,Out,1,10,2,47,4.7,30,3
End,Variable,1,4,Out,1,10,3,43,4.3,26,2.6
End,Variable,1,4,Out,1,10,4,55,5.5,32,3.2
End,Variable,1,4,Out,1,10,5,50,5,31,3.1
End,Variable,1,4,Out,1,10,6,63,6.3,38,3.8
End,Variable,1,4,Out,1,10,7,59,5.9,34,3.4
End,Variable,1,4,Out,1,10,8,68,6.8,39,3.9
End,Variable,1,4,Out,1,10,9,85,8.5,50,5
End,Variable,1,4,Out,1,10,10,59,5.9,37,3.7
End,Variable,1,4,Out,1,10,11,58,5.8,30,3
End,Variable,1,4,Out,1,10,12,53,5.3,33,3.3
End,Variable,1,4,Out,1,10,13,61,6.1,35,3.5
End,Variable,1,4,Out,1,10,14,40,4,25,2.5
Start,Variable,1,4,Out,2,11,1,67,6.09,42,3.82
Start,Variable,1,4,Out,2,11,2,98,8.91,57,5.18
Start,Variable,1,4,Out,2,11,3,53,4.82,37,3.36
Start,Variable,1,4,Out,2,11,4,53,4.82,34,3.09
Start,Variable,1,4,Out,2,11,5,68,6.18,43,3.91
Start,Variable,1,4,Out,2,11,6,34,3.09,22,2
Start,Variable,1,4,Out,2,11,7,66,6,41,3.73
Start,Variable,1,4,Out,2,11,8,43,3.91,34,3.09
Start,Variable,1,4,Out,2,11,9,52,4.73,35,3.18
Start,Variable,1,4,Out,2,11,10,37,3.36,26,2.36
Start,Variable,1,4,Out,2,11,11,45,4.09,31,2.82
Start,Variable,1,4,Out,2,11,12,75,6.82,50,4.55
Start,Variable,1,4,Out,2,11,13,76,6.91,51,4.64
Start,Variable,1,4,Out,2,11,14,53,4.82,36,3.27
End,Variable,1,4,Out,2,11,1,93,9.3,59,5.9
End,Variable,1,4,Out,2,11,2,67,6.7,40,4
End,Variable,1,4,Out,2,11,3,79,7.9,49,4.9
End,Variable,1,4,Out,2,11,4,56,5.6,35,3.5
End,Variable,1,4,Out,2,11,5,46,4.6,30,3
End,Variable,1,4,Out,2,11,6,52,5.2,31,3.1
End,Variable,1,4,Out,2,11,7,36,3.6,22,2.2
End,Variable,1,4,Out,2,11,8,62,6.2,43,4.3
End,Variable,1,4,Out,2,11,9,44,4.4,26,2.6
End,Variable,1,4,Out,2,11,10,65,6.5,36,3.6
End,Variable,1,4,Out,2,11,11,52,5.2,30,3
End,Variable,1,4,Out,2,11,12,57,5.7,34,3.4
End,Variable,1,4,Out,2,11,13,70,7,44,4.4
Start,Variable,1,4,Out,3,12,1,66,6,42,3.82
Start,Variable,1,4,Out,3,12,2,94,8.55,56,5.09
Start,Variable,1,4,Out,3,12,3,65,5.91,42,3.82
Start,Variable,1,4,Out,3,12,4,72,6.55,45,4.09
Start,Variable,1,4,Out,3,12,5,80,7.27,49,4.45
Start,Variable,1,4,Out,3,12,6,49,4.45,33,3
Start,Variable,1,4,Out,3,12,7,76,6.91,51,4.64
Start,Variable,1,4,Out,3,12,8,64,5.82,41,3.73
Start,Variable,1,4,Out,3,12,9,52,4.73,35,3.18
Start,Variable,1,4,Out,3,12,10,70,6.36,43,3.91
Start,Variable,1,4,Out,3,12,11,45,4.09,32,2.91
Start,Variable,1,4,Out,3,12,12,57,5.18,38,3.45
Start,Variable,1,4,Out,3,12,13,60,5.45,39,3.55
Start,Variable,1,4,Out,3,12,14,76,6.91,48,4.36
End,Variable,1,4,Out,3,12,1,54,5.4,32,3.2
End,Variable,1,4,Out,3,12,2,39,3.9,25,2.5
End,Variable,1,4,Out,3,12,3,43,4.3,27,2.7
End,Variable,1,4,Out,3,12,4,72,7.2,43,4.3
End,Variable,1,4,Out,3,12,5,51,5.1,33,3.3
End,Variable,1,4,Out,3,12,6,59,5.9,36,3.6
End,Variable,1,4,Out,3,12,7,66,6.6,40,4
End,Variable,1,4,Out,3,12,8,56,5.6,34,3.4
End,Variable,1,4,Out,3,12,9,48,4.8,29,2.9
End,Variable,1,4,Out,3,12,10,50,5,29,2.9
End,Variable,1,4,Out,3,12,11,38,3.8,24,2.4
End,Variable,1,4,Out,3,12,12,69,6.9,40,4
End,Variable,1,4,Out,3,12,13,58,5.8,35,3.5
End,Variable,1,4,Out,3,12,14,50,5,29,2.9
Start,Variable,2,5,In,1,13,1,65,5.91,42,3.82
Start,Variable,2,5,In,1,13,2,61,5.55,37,3.36
Start,Variable,2,5,In,1,13,3,81,7.36,47,4.27
Start,Variable,2,5,In,1,13,4,64,5.82,39,3.55
Start,Variable,2,5,In,1,13,5,62,5.64,35,3.18
Start,Variable,2,5,In,1,13,6,74,6.73,43,3.91
Start,Variable,2,5,In,1,13,7,45,4.09,29,2.64
Start,Variable,2,5,In,1,13,8,53,4.82,31,2.82
Start,Variable,2,5,In,1,13,9,51,4.64,30,2.73
Start,Variable,2,5,In,1,13,10,72,6.55,40,3.64
Start,Variable,2,5,In,1,13,11,60,5.45,36,3.27
Start,Variable,2,5,In,1,13,12,85,7.73,53,4.82
Start,Variable,2,5,In,1,13,13,50,4.55,30,2.73
Start,Variable,2,5,In,1,13,14,67,6.09,45,4.09
Start,Variable,2,5,In,1,13,15,72,6.55,43,3.91
End,Variable,2,5,In,1,13,1,64,6.4,37,3.7
End,Variable,2,5,In,1,13,2,82,8.2,51,5.1
End,Variable,2,5,In,1,13,3,73,7.3,45,4.5
End,Variable,2,5,In,1,13,4,75,7.5,44,4.4
End,Variable,2,5,In,1,13,5,60,6,36,3.6
End,Variable,2,5,In,1,13,6,52,5.2,33,3.3
End,Variable,2,5,In,1,13,7,77,7.7,46,4.6
End,Variable,2,5,In,1,13,8,43,4.3,27,2.7
End,Variable,2,5,In,1,13,9,74,7.4,42,4.2
End,Variable,2,5,In,1,13,10,60,6,36,3.6
End,Variable,2,5,In,1,13,11,63,6.3,39,3.9
End,Variable,2,5,In,1,13,12,74,7.4,44,4.4
End,Variable,2,5,In,1,13,13,57,5.7,34,3.4
Start,Variable,2,5,In,2,14,1,50,4.55,37,3.36
Start,Variable,2,5,In,2,14,2,89,8.09,55,5
Start,Variable,2,5,In,2,14,3,50,4.55,32,2.91
Start,Variable,2,5,In,2,14,4,79,7.18,50,4.55
Start,Variable,2,5,In,2,14,5,64,5.82,41,3.73
Start,Variable,2,5,In,2,14,6,78,7.09,49,4.45
Start,Variable,2,5,In,2,14,7,77,7,47,4.27
Start,Variable,2,5,In,2,14,8,47,4.27,27,2.45
Start,Variable,2,5,In,2,14,9,78,7.09,45,4.09
Start,Variable,2,5,In,2,14,10,80,7.27,49,4.45
Start,Variable,2,5,In,2,14,11,49,4.45,35,3.18
Start,Variable,2,5,In,2,14,12,86,7.82,56,5.09
Start,Variable,2,5,In,2,14,13,60,5.45,39,3.55
Start,Variable,2,5,In,2,14,14,56,5.09,47,4.27
End,Variable,2,5,In,2,14,1,60,6,41,4.1
End,Variable,2,5,In,2,14,2,79,7.9,49,4.9
End,Variable,2,5,In,2,14,3,50,5,30,3
End,Variable,2,5,In,2,14,4,80,8,45,4.5
End,Variable,2,5,In,2,14,5,74,7.4,41,4.1
End,Variable,2,5,In,2,14,6,70,7,42,4.2
End,Variable,2,5,In,2,14,7,49,4.9,30,3
End,Variable,2,5,In,2,14,8,65,6.5,37,3.7
End,Variable,2,5,In,2,14,9,81,8.1,51,5.1
End,Variable,2,5,In,2,14,10,67,6.7,42,4.2
End,Variable,2,5,In,2,14,11,52,5.2,30,3
End,Variable,2,5,In,2,14,12,48,4.8,31,3.1
End,Variable,2,5,In,2,14,13,81,8.1,50,5
End,Variable,2,5,In,2,14,14,89,8.9,56,5.6
Start,Variable,2,5,In,3,15,1,79,7.18,59,5.36
Start,Variable,2,5,In,3,15,2,73,6.64,59,5.36
Start,Variable,2,5,In,3,15,3,61,5.55,38,3.45
Start,Variable,2,5,In,3,15,4,72,6.55,46,4.18
Start,Variable,2,5,In,3,15,5,69,6.27,45,4.09
Start,Variable,2,5,In,3,15,6,60,5.45,40,3.64
Start,Variable,2,5,In,3,15,7,53,4.82,34,3.09
Start,Variable,2,5,In,3,15,8,64,5.82,38,3.45
Start,Variable,2,5,In,3,15,9,43,3.91,30,2.73
Start,Variable,2,5,In,3,15,10,60,5.45,39,3.55
Start,Variable,2,5,In,3,15,11,70,6.36,46,4.18
Start,Variable,2,5,In,3,15,12,63,5.73,43,3.91
Start,Variable,2,5,In,3,15,13,50,4.55,33,3
Start,Variable,2,5,In,3,15,14,63,5.73,40,3.64
End,Variable,2,5,In,3,15,1,68,6.8,44,4.4
End,Variable,2,5,In,3,15,2,80,8,46,4.6
End,Variable,2,5,In,3,15,3,62,6.2,38,3.8
End,Variable,2,5,In,3,15,4,58,5.8,35,3.5
End,Variable,2,5,In,3,15,5,54,5.4,35,3.5
End,Variable,2,5,In,3,15,6,65,6.5,40,4
End,Variable,2,5,In,3,15,7,68,6.8,41,4.1
End,Variable,2,5,In,3,15,8,73,7.3,45,4.5
End,Variable,2,5,In,3,15,9,70,7,42,4.2
End,Variable,2,5,In,3,15,10,54,5.4,32,3.2
End,Variable,2,5,In,3,15,11,87,8.7,51,5.1
End,Variable,2,5,In,3,15,12,80,8,49,4.9
End,Variable,2,5,In,3,15,13,62,6.2,36,3.6
End,Variable,2,5,In,3,15,14,61,6.1,42,4.2
Start,Variable,2,5,Out,1,13,1,50,4.55,30,2.73
Start,Variable,2,5,Out,1,13,2,75,6.82,49,4.45
Start,Variable,2,5,Out,1,13,3,100,9.09,60,5.45
Start,Variable,2,5,Out,1,13,4,71,6.45,46,4.18
Start,Variable,2,5,Out,1,13,5,78,7.09,46,4.18
Start,Variable,2,5,Out,1,13,6,56,5.09,38,3.45
Start,Variable,2,5,Out,1,13,7,44,4,32,2.91
Start,Variable,2,5,Out,1,13,8,77,7,49,4.45
Start,Variable,2,5,Out,1,13,9,45,4.09,30,2.73
Start,Variable,2,5,Out,1,13,10,50,4.55,35,3.18
Start,Variable,2,5,Out,1,13,11,77,7,47,4.27
Start,Variable,2,5,Out,1,13,12,42,3.82,22,2
Start,Variable,2,5,Out,1,13,13,55,5,34,3.09
Start,Variable,2,5,Out,1,13,14,71,6.45,44,4
End,Variable,2,5,Out,1,13,1,76,7.6,49,4.9
End,Variable,2,5,Out,1,13,2,47,4.7,30,3
End,Variable,2,5,Out,1,13,3,72,7.2,42,4.2
End,Variable,2,5,Out,1,13,4,45,4.5,28,2.8
End,Variable,2,5,Out,1,13,5,48,4.8,30,3
End,Variable,2,5,Out,1,13,6,55,5.5,35,3.5
End,Variable,2,5,Out,1,13,7,55,5.5,35,3.5
End,Variable,2,5,Out,1,13,8,65,6.5,37,3.7
End,Variable,2,5,Out,1,13,9,67,6.7,41,4.1
End,Variable,2,5,Out,1,13,10,74,7.4,46,4.6
End,Variable,2,5,Out,1,13,11,91,9.1,54,5.4
End,Variable,2,5,Out,1,13,12,43,4.3,27,2.7
End,Variable,2,5,Out,1,13,13,67,6.7,42,4.2
Start,Variable,2,5,Out,2,14,1,80,7.27,50,4.55
Start,Variable,2,5,Out,2,14,2,55,5,35,3.18
Start,Variable,2,5,Out,2,14,3,70,6.36,47,4.27
Start,Variable,2,5,Out,2,14,4,58,5.27,38,3.45
Start,Variable,2,5,Out,2,14,5,83,7.55,55,5
Start,Variable,2,5,Out,2,14,6,57,5.18,38,3.45
Start,Variable,2,5,Out,2,14,7,74,6.73,48,4.36
Start,Variable,2,5,Out,2,14,8,71,6.45,49,4.45
Start,Variable,2,5,Out,2,14,9,60,5.45,40,3.64
Start,Variable,2,5,Out,2,14,10,78,7.09,47,4.27
Start,Variable,2,5,Out,2,14,11,52,4.73,33,3
Start,Variable,2,5,Out,2,14,12,82,7.45,49,4.45
Start,Variable,2,5,Out,2,14,13,57,5.18,39,3.55
Start,Variable,2,5,Out,2,14,14,74,6.73,50,4.55
End,Variable,2,5,Out,2,14,1,64,6.4,37,3.7
End,Variable,2,5,Out,2,14,2,61,6.1,37,3.7
End,Variable,2,5,Out,2,14,3,66,6.6,39,3.9
End,Variable,2,5,Out,2,14,4,61,6.1,39,3.9
End,Variable,2,5,Out,2,14,5,47,4.7,31,3.1
End,Variable,2,5,Out,2,14,6,47,4.7,29,2.9
End,Variable,2,5,Out,2,14,7,42,4.2,28,2.8
End,Variable,2,5,Out,2,14,8,69,6.9,44,4.4
End,Variable,2,5,Out,2,14,9,52,5.2,31,3.1
End,Variable,2,5,Out,2,14,10,47,4.7,30,3
End,Variable,2,5,Out,2,14,11,64,6.4,38,3.8
End,Variable,2,5,Out,2,14,12,53,5.3,33,3.3
End,Variable,2,5,Out,2,14,13,71,7.1,41,4.1
End,Variable,2,5,Out,2,14,14,68,6.8,40,4
Start,Variable,2,5,Out,3,15,1,99,9,68,6.18
Start,Variable,2,5,Out,3,15,2,72,6.55,44,4
Start,Variable,2,5,Out,3,15,3,38,3.45,25,2.27
Start,Variable,2,5,Out,3,15,4,82,7.45,51,4.64
Start,Variable,2,5,Out,3,15,5,72,6.55,47,4.27
Start,Variable,2,5,Out,3,15,6,89,8.09,58,5.27
Start,Variable,2,5,Out,3,15,7,50,4.55,32,2.91
Start,Variable,2,5,Out,3,15,8,62,5.64,40,3.64
Start,Variable,2,5,Out,3,15,9,85,7.73,55,5
Start,Variable,2,5,Out,3,15,10,51,4.64,35,3.18
Start,Variable,2,5,Out,3,15,11,52,4.73,32,2.91
Start,Variable,2,5,Out,3,15,12,64,5.82,40,3.64
Start,Variable,2,5,Out,3,15,13,52,4.73,34,3.09
Start,Variable,2,5,Out,3,15,14,75,6.82,47,4.27
End,Variable,2,5,Out,3,15,1,92,9.2,57,5.7
End,Variable,2,5,Out,3,15,2,85,8.5,50,5
End,Variable,2,5,Out,3,15,3,82,8.2,50,5
End,Variable,2,5,Out,3,15,4,77,7.7,43,4.3
End,Variable,2,5,Out,3,15,5,71,7.1,44,4.4
End,Variable,2,5,Out,3,15,6,75,7.5,44,4.4
End,Variable,2,5,Out,3,15,7,66,6.6,43,4.3
End,Variable,2,5,Out,3,15,8,65,6.5,40,4
End,Variable,2,5,Out,3,15,9,59,5.9,35,3.5
End,Variable,2,5,Out,3,15,10,45,4.5,28,2.8
End,Variable,2,5,Out,3,15,11,50,5,29,2.9
End,Variable,2,5,Out,3,15,12,52,5.2,30,3
End,Variable,2,5,Out,3,15,13,39,3.9,32,3.2
End,Variable,2,5,Out,3,15,14,50,5,29,2.9
Start,Variable,3,7,In,1,19,1,56,5.09,33,3
Start,Variable,3,7,In,1,19,2,90,8.18,57,5.18
Start,Variable,3,7,In,1,19,3,60,5.45,37,3.36
Start,Variable,3,7,In,1,19,4,93,8.45,59,5.36
Start,Variable,3,7,In,1,19,5,52,4.73,36,3.27
Start,Variable,3,7,In,1,19,6,56,5.09,35,3.18
Start,Variable,3,7,In,1,19,7,82,7.45,51,4.64
Start,Variable,3,7,In,1,19,8,50,4.55,33,3
Start,Variable,3,7,In,1,19,9,66,6,44,4
Start,Variable,3,7,In,1,19,10,60,5.45,40,3.64
Start,Variable,3,7,In,1,19,11,79,7.18,49,4.45
Start,Variable,3,7,In,1,19,12,72,6.55,46,4.18
Start,Variable,3,7,In,1,19,13,50,4.55,31,2.82
Start,Variable,3,7,In,1,19,14,96,8.73,58,5.27
End,Variable,3,7,In,1,19,1,79,7.9,46,4.6
End,Variable,3,7,In,1,19,2,52,5.2,31,3.1
End,Variable,3,7,In,1,19,3,94,9.4,56,5.6
End,Variable,3,7,In,1,19,4,61,6.1,39,3.9
End,Variable,3,7,In,1,19,5,71,7.1,41,4.1
End,Variable,3,7,In,1,19,6,51,5.1,30,3
End,Variable,3,7,In,1,19,7,66,6.6,41,4.1
End,Variable,3,7,In,1,19,8,50,5,32,3.2
End,Variable,3,7,In,1,19,9,42,4.2,24,2.4
End,Variable,3,7,In,1,19,10,52,5.2,29,2.9
End,Variable,3,7,In,1,19,11,83,8.3,52,5.2
End,Variable,3,7,In,1,19,12,68,6.8,39,3.9
End,Variable,3,7,In,1,19,13,72,7.2,45,4.5
End,Variable,3,7,In,1,19,14,49,4.9,28,2.8
Start,Variable,3,7,In,2,20,1,60,5.45,36,3.27
Start,Variable,3,7,In,2,20,2,70,6.36,45,4.09
Start,Variable,3,7,In,2,20,3,71,6.45,47,4.27
Start,Variable,3,7,In,2,20,4,72,6.55,45,4.09
Start,Variable,3,7,In,2,20,5,82,7.45,53,4.82
Start,Variable,3,7,In,2,20,6,92,8.36,53,4.82
Start,Variable,3,7,In,2,20,7,75,6.82,49,4.45
Start,Variable,3,7,In,2,20,8,47,4.27,28,2.55
Start,Variable,3,7,In,2,20,9,63,5.73,39,3.55
Start,Variable,3,7,In,2,20,10,70,6.36,46,4.18
Start,Variable,3,7,In,2,20,11,54,4.91,34,3.09
Start,Variable,3,7,In,2,20,12,62,5.64,41,3.73
Start,Variable,3,7,In,2,20,13,49,4.45,30,2.73
Start,Variable,3,7,In,2,20,14,62,5.64,30,2.73
End,Variable,3,7,In,2,20,1,61,6.1,40,4
End,Variable,3,7,In,2,20,2,59,5.9,37,3.7
End,Variable,3,7,In,2,20,3,89,8.9,55,5.5
End,Variable,3,7,In,2,20,4,65,6.5,40,4
End,Variable,3,7,In,2,20,5,70,7,46,4.6
End,Variable,3,7,In,2,20,6,62,6.2,38,3.8
End,Variable,3,7,In,2,20,7,69,6.9,38,3.8
End,Variable,3,7,In,2,20,8,58,5.8,36,3.6
End,Variable,3,7,In,2,20,9,47,4.7,30,3
End,Variable,3,7,In,2,20,10,69,6.9,42,4.2
End,Variable,3,7,In,2,20,11,68,6.8,40,4
End,Variable,3,7,In,2,20,12,85,8.5,50,5
End,Variable,3,7,In,2,20,13,46,4.6,29,2.9
End,Variable,3,7,In,2,20,14,110,11,62,6.2
Start,Variable,3,7,In,3,21,1,102,9.27,60,5.45
Start,Variable,3,7,In,3,21,2,75,6.82,45,4.09
Start,Variable,3,7,In,3,21,3,75,6.82,47,4.27
Start,Variable,3,7,In,3,21,4,58,5.27,37,3.36
Start,Variable,3,7,In,3,21,5,61,5.55,40,3.64
Start,Variable,3,7,In,3,21,6,62,5.64,41,3.73
Start,Variable,3,7,In,3,21,7,51,4.64,34,3.09
Start,Variable,3,7,In,3,21,8,62,5.64,39,3.55
Start,Variable,3,7,In,3,21,9,49,4.45,31,2.82
Start,Variable,3,7,In,3,21,10,82,7.45,52,4.73
Start,Variable,3,7,In,3,21,11,53,4.82,36,3.27
Start,Variable,3,7,In,3,21,12,43,3.91,28,2.55
Start,Variable,3,7,In,3,21,13,71,6.45,45,4.09
Start,Variable,3,7,In,3,21,14,56,5.09,37,3.36
End,Variable,3,7,In,3,21,1,82,8.2,50,5
End,Variable,3,7,In,3,21,2,65,6.5,40,4
End,Variable,3,7,In,3,21,3,60,6,39,3.9
End,Variable,3,7,In,3,21,4,83,8.3,46,4.6
End,Variable,3,7,In,3,21,5,62,6.2,36,3.6
End,Variable,3,7,In,3,21,6,85,8.5,48,4.8
End,Variable,3,7,In,3,21,7,57,5.7,31,3.1
End,Variable,3,7,In,3,21,8,101,10.1,63,6.3
End,Variable,3,7,In,3,21,9,61,6.1,35,3.5
End,Variable,3,7,In,3,21,10,84,8.4,49,4.9
End,Variable,3,7,In,3,21,11,48,4.8,30,3
End,Variable,3,7,In,3,21,12,55,5.5,34,3.4
End,Variable,3,7,In,3,21,13,38,3.8,24,2.4
End,Variable,3,7,In,3,21,14,60,6,35,3.5
Start,Variable,3,7,Out,1,19,1,85,7.73,51,4.64
Start,Variable,3,7,Out,1,19,2,82,7.45,51,4.64
Start,Variable,3,7,Out,1,19,3,80,7.27,52,4.73
Start,Variable,3,7,Out,1,19,4,86,7.82,53,4.82
Start,Variable,3,7,Out,1,19,5,72,6.55,43,3.91
Start,Variable,3,7,Out,1,19,6,68,6.18,43,3.91
Start,Variable,3,7,Out,1,19,7,84,7.64,55,5
Start,Variable,3,7,Out,1,19,8,66,6,45,4.09
Start,Variable,3,7,Out,1,19,9,81,7.36,50,4.55
Start,Variable,3,7,Out,1,19,10,66,6,43,3.91
Start,Variable,3,7,Out,1,19,11,61,5.55,43,3.91
Start,Variable,3,7,Out,1,19,12,56,5.09,37,3.36
Start,Variable,3,7,Out,1,19,13,49,4.45,32,2.91
Start,Variable,3,7,Out,1,19,14,75,6.82,47,4.27
End,Variable,3,7,Out,1,19,1,40,4,24,2.4
End,Variable,3,7,Out,1,19,2,54,5.4,34,3.4
End,Variable,3,7,Out,1,19,3,68,6.8,41,4.1
End,Variable,3,7,Out,1,19,4,59,5.9,34,3.4
End,Variable,3,7,Out,1,19,5,48,4.8,30,3
End,Variable,3,7,Out,1,19,6,70,7,43,4.3
End,Variable,3,7,Out,1,19,7,55,5.5,34,3.4
End,Variable,3,7,Out,1,19,8,58,5.8,36,3.6
End,Variable,3,7,Out,1,19,9,74,7.4,44,4.4
End,Variable,3,7,Out,1,19,10,74,7.4,41,4.1
End,Variable,3,7,Out,1,19,11,68,6.8,39,3.9
End,Variable,3,7,Out,1,19,12,66,6.6,41,4.1
End,Variable,3,7,Out,1,19,13,73,7.3,46,4.6
End,Variable,3,7,Out,1,19,14,62,6.2,35,3.5
Start,Variable,3,7,Out,2,20,1,64,5.82,40,3.64
Start,Variable,3,7,Out,2,20,2,56,5.09,38,3.45
Start,Variable,3,7,Out,2,20,3,83,7.55,49,4.45
Start,Variable,3,7,Out,2,20,4,76,6.91,49,4.45
Start,Variable,3,7,Out,2,20,5,71,6.45,45,4.09
Start,Variable,3,7,Out,2,20,6,37,3.36,25,2.27
Start,Variable,3,7,Out,2,20,7,56,5.09,35,3.18
Start,Variable,3,7,Out,2,20,8,62,5.64,40,3.64
Start,Variable,3,7,Out,2,20,9,77,7,47,4.27
Start,Variable,3,7,Out,2,20,10,76,6.91,46,4.18
Start,Variable,3,7,Out,2,20,11,51,4.64,33,3
Start,Variable,3,7,Out,2,20,12,84,7.64,53,4.82
Start,Variable,3,7,Out,2,20,13,63,5.73,41,3.73
Start,Variable,3,7,Out,2,20,14,51,4.64,33,3
End,Variable,3,7,Out,2,20,1,68,6.8,45,4.5
End,Variable,3,7,Out,2,20,2,78,7.8,45,4.5
End,Variable,3,7,Out,2,20,3,58,5.8,37,3.7
End,Variable,3,7,Out,2,20,4,52,5.2,35,3.5
End,Variable,3,7,Out,2,20,5,66,6.6,40,4
End,Variable,3,7,Out,2,20,6,69,6.9,49,4.9
End,Variable,3,7,Out,2,20,7,76,7.6,46,4.6
End,Variable,3,7,Out,2,20,8,56,5.6,34,3.4
End,Variable,3,7,Out,2,20,9,51,5.1,31,3.1
End,Variable,3,7,Out,2,20,10,70,7,41,4.1
End,Variable,3,7,Out,2,20,11,54,5.4,33,3.3
End,Variable,3,7,Out,2,20,12,76,7.6,44,4.4
Start,Variable,3,7,Out,3,21,1,106,9.64,60,5.45
Start,Variable,3,7,Out,3,21,2,59,5.36,38,3.45
Start,Variable,3,7,Out,3,21,3,80,7.27,50,4.55
Start,Variable,3,7,Out,3,21,4,83,7.55,53,4.82
Start,Variable,3,7,Out,3,21,5,65,5.91,42,3.82
Start,Variable,3,7,Out,3,21,6,60,5.45,40,3.64
Start,Variable,3,7,Out,3,21,7,82,7.45,54,4.91
Start,Variable,3,7,Out,3,21,8,75,6.82,49,4.45
Start,Variable,3,7,Out,3,21,9,79,7.18,53,4.82
Start,Variable,3,7,Out,3,21,10,99,9,64,5.82
Start,Variable,3,7,Out,3,21,11,48,4.36,32,2.91
Start,Variable,3,7,Out,3,21,12,75,6.82,49,4.45
Start,Variable,3,7,Out,3,21,13,71,6.45,45,4.09
Start,Variable,3,7,Out,3,21,14,52,4.73,38,3.45
End,Variable,3,7,Out,3,21,1,81,8.1,43,4.3
End,Variable,3,7,Out,3,21,2,74,7.4,45,4.5
End,Variable,3,7,Out,3,21,3,80,8,47,4.7
End,Variable,3,7,Out,3,21,4,48,4.8,26,2.6
End,Variable,3,7,Out,3,21,5,36,3.6,21,2.1
End,Variable,3,7,Out,3,21,6,43,4.3,24,2.4
End,Variable,3,7,Out,3,21,7,37,3.7,23,2.3
End,Variable,3,7,Out,3,21,8,63,6.3,35,3.5
End,Variable,3,7,Out,3,21,9,61,6.1,34,3.4
End,Variable,3,7,Out,3,21,10,51,5.1,30,3
End,Variable,3,7,Out,3,21,11,71,7.1,43,4.3
End,Variable,3,7,Out,3,21,12,44,4.4,26,2.6
End,Variable,3,7,Out,3,21,13,32,3.2,20,2
End,Variable,3,7,Out,3,21,14,37,3.7,24,2.4
